3.7638915229603835,3.9460666350384734,-4.149557886302221
-4.016531661669499,-0.7889237499494781,4.578895301505019
2.501443149449675,4.888610889064948,2.481656543798394
2.508121031361555,2.2599798535045146,3.833060912058098
4.033795205622537,0.7367948667228585,-4.97129672968841
3.8594209931077454,-1.4273023999750025,4.0853515091979915
4.230245355464833,2.1152475862847178,-3.757290380278353
4.248079703993508,-2.3670322951288902,-4.340389093159763
4.319720691968373,-4.860484270244029,-2.6563791387857947
1.1677835700165762,4.490163206876165,4.501761192470797
3.2884580798069294,0.7471150470810226,1.2807619830735035
3.5831383642904235,2.550821884676802,1.9805724844730301
3.5489794269740234,0.27714646308746627,3.0216108400459802
2.70883910501888,0.6885799070471554,-0.34290121408019125
3.118586977205398,3.7496164495589817,1.8841325238594333
1.51304332340991,2.03516988152653,1.1024081264662966
1.909421420661685,-3.1136319904468914,-0.5809571925157666
2.6621138107577043,-1.575458801564802,3.4585148302767763
2.4693849560752508,-0.47595173253548495,-0.499132529992389
2.738743427204186,-3.743586188622612,1.1851356691208546
4.511937854902046,4.054020337027781,2.959669419422694
4.092932045442545,-0.9912626762887911,-2.5014931977496326
1.9022786816274788,-0.4714650004846259,1.2830903752135718
4.318611166365406,4.368683813090936,3.443299485657132
4.202065143056604,-2.7209971004868305,-4.125177904464091
1.0709416197246044,-0.8641358499883864,3.163515118272141
4.759890683309049,4.015625846693213,0.9560793360264555
1.4915419711247786,1.7369842389863166,0.7849957978920052
2.473208103319232,-2.1039725381312255,2.7379928724418203
3.348540476317986,-0.6469404237048,4.2345621511877525
4.760435504677476,-3.4016634965590664,-2.973978747803374
2.2931891936112336,-3.1125493312281405,1.438956443116628
2.5430595057629866,-2.892676079166793,1.0095424810763998
2.4892837524583644,1.3821871062033342,0.9712730294664906
3.3527160248996584,-3.077499831778523,-1.049031311100268
4.857088237131878,-3.2283883556158264,0.7240511243464933
2.229151935562137,-3.23450965722917,3.6196655766707337
4.873261748084266,-2.219149513870172,-4.962063275906575
4.3390260831488785,3.578971045378939,2.2885087751925592
1.132112115442597,-0.9813407603216264,1.9730801926434092
3.7736047469481253,-0.5231099985437151,2.844574187919231
2.6677458723710217,0.04700608095894321,-0.019443751719925295
3.3797796204772936,-4.920671238054769,4.893400561666381
2.9457835118475213,0.07079923284136402,2.9182103950415383
4.824909449748953,1.3630612585598358,-1.2490898160608896
3.5748449908359667,1.195867393685738,-2.4796691986916066
2.9285567797688756,-0.6706149126583689,-1.4248883266955858
3.082780137053801,-2.047112056001522,0.44121383585357243
1.923601216234089,-2.7270245908405046,-0.7535088406866031
4.865727795868814,4.48299174072665,1.450856402604436
4.24704181536028,-4.352600165584511,4.913465087318091
2.4700482902994514,-1.5962070923453275,2.9530116740564285
4.794833541798063,-1.3562192963176956,2.744101333360395
4.507534280610022,0.5640691567092526,-1.2363678331291252
-3.9061708580641543,1.7304105421662195,-0.0006762890080000972
3.1250730417467167,-2.1619816505312572,0.2784679611795946
2.7447726601507956,-1.7419003338679517,3.898273414473749
2.517077209192669,2.6263209544511064,-0.3052097144007426
0.12061027523918799,1.174610120171561,-0.67644405235656
3.7306814844709955,1.5620154774409887,3.23003040648471
4.517756930338518,-4.490876164831128,-2.6492813590898545
3.7268616491946194,-0.7833406515029075,-4.355697444203932
3.8177062308280725,-0.13249255181661823,0.9846469310463632
1.1570428720394874,-4.408227928142776,2.5031718457468592
4.2894946189311565,0.07119423548204473,-0.4530777244759312
2.5307065586945487,3.0616316295340837,2.5164040408129047
1.816453376026229,1.9714852875275621,1.1860074256153643
4.04102985913805,-2.6623130739589405,-3.233211069276586
4.299556236533178,-3.5076396769024996,-1.0511773746319952
4.108061390867585,-4.777284884671959,3.2112189821896457
4.742126278950913,-3.7722787055058005,-3.1243010738276045
4.247408135383717,-1.1301076574370783,-0.07119126568679768
3.805385975643267,-0.40043268925741593,2.638727180664299
4.825897893050854,4.137396248416316,-1.5263057962718718
4.78672805158347,-2.6361590133962443,1.6059835592859875
1.131123353670123,4.357362666081997,0.9688852494597313
4.795901743594252,-0.5899337959112883,2.3961196250754666
2.679628782813116,-4.469074045474749,0.49053443850519685
2.6500514829814295,0.9974034447209865,3.329681438370704
3.846818943092945,2.7100535795468232,-1.702649207557391
2.9655858753671103,-1.7536167779700342,-1.9211755618235324
4.281090785007262,4.769161619458501,0.23555304716892778
4.51935167567925,3.879964939264646,0.1803256159440867
4.332023381866817,-3.2213525204865148,3.6006677087621615
4.573949263266687,4.594706068497821,-4.621374122795695
4.536770184739218,-0.23049077513222027,-2.217615575786697
4.225044972603934,-3.4385043555920527,3.7972214350138085
1.4494167251221182,-0.1568422696761438,4.676952459611975
4.351531155423887,3.885421033562281,-2.1073950451709003
4.071090552203707,3.6045666733688524,-1.6154861588174994
2.651839567335081,0.6815254294910513,1.6618809022349526
4.498463888800874,4.615725424345339,2.300825577402602
3.7866097631581113,-2.4539924433942306,2.6618836520282176
3.5615923798737175,-1.3563452014297206,3.922739292761724
1.9241446216707558,-3.8102666282698516,4.00742215071733
2.139280322669613,-1.6988444780092573,1.254353783114329
1.1355002656013546,-2.855322191693074,4.394188709061593
3.3015652616229936,-2.599048458387899,1.3162074525016019
2.1073956989958633,2.423834297071017,-1.0973529540041902
4.735188608362936,1.0542200772704815,4.762382645603884
4.344454925295846,1.191196332516605,4.854449149448305
4.327639079648582,4.3085496775996805,-1.0908128849854193
3.6283898057861563,-1.4746743119493821,4.978842782249023
4.200454054097136,4.268412179022414,0.5199502715419708
4.553899892571746,-3.8920456030404385,1.475529858164272
1.538401991962549,-0.5623020727527761,2.189394880898437
3.0841135660614185,-3.6930717560261197,0.3600257482181215
4.00783114706916,2.7083183055383033,-0.7928680097480818
4.778803933599658,-2.4922684332699774,-1.663897711521023
4.54200507429589,3.087153481852896,4.003400045106618
2.2336104439430615,-3.910049660703563,0.4378749166382523
0.8098407267501955,-2.4701988727981163,1.4946680795474627
3.1329384532505564,3.0751227164303216,1.196819920538628
4.088080323000568,-3.4931000775172882,3.4551767553070647
4.810797572402972,-3.4402476695657755,0.3967919516127436
2.880495511723071,1.028653375383973,4.803328851373278
4.052027659330404,-3.114223965005322,-0.5912780017770913
4.82478118502044,-3.2792266817110405,4.062603959616819
3.0710990166610603,3.001396843869877,-2.310639422149351
3.167539643767668,3.778014186346997,0.7100876193707304
3.7538873845068697,1.085654369735587,-2.483404158476763
2.697253449571857,3.0286648643242398,-0.7544008969778337
2.6885284828775795,1.407827044518461,3.013307032031925
3.5730033345123076,1.8111147045840967,-2.6301793552830164
4.2572053533626,2.811954006757661,-1.926185195721557
3.7198563119091848,2.071876097841823,0.9090059949040672
2.7494537999774575,-1.0704009736579678,4.894521308362529
4.199535770148588,-0.586482546841621,0.2796548415470079
3.80219977218583,4.025365564222451,-1.92839231514905
2.533800731255857,-2.175719694410274,-1.314231302347241
2.5386907162121295,3.586117030700125,4.475415511018243
1.5453753462283153,3.5425820984264647,2.4258805769654677
2.271011884036769,3.5879075626696473,4.230030407536653
4.020760015248445,-1.0424973843481933,-4.1597872020127475
3.2957371845814905,0.3893155330763429,0.42076154739122984
3.5405979493431445,-2.291550861640834,1.2635880320868367
2.4483387303249273,-2.0427446557611884,-1.0154180345095987
2.664921446562297,-2.1250189795881234,4.572253423743934
2.7136250720146196,0.7163533643495139,3.339046774992333
4.2570410869023085,-0.9444261586097582,-4.249673606634592
3.613524744830288,0.19297585470440204,-1.8106413108257593
3.5773861451144064,1.4556440827343273,-3.847065745199729
2.0845079151537274,-0.13575426192313866,1.9914656541291649
1.5273120090095471,-0.0925988355558669,1.4664998167179055
2.5225660480409315,1.1775427961006795,3.791985605365955
4.2955037651234065,4.010669934228137,-3.722566860964067
3.8248617290237146,0.31791900066888523,2.8171528539593993
4.707420095213946,-4.082461665588085,-2.2608190677044506
3.384029063789791,-1.8008329958201452,-4.957349815928929
4.871830820663744,0.6239445595717816,3.644162616983479
3.5195464480429823,-3.0977791068781646,4.03272700870335
2.9009552114589994,0.14775428373225985,0.31144694393308825
4.292731821403969,-0.9792182619943848,-4.231677152253192
2.647261968454176,1.7544751567801988,2.9550271029866515
3.5937332830085698,0.783223874515512,-3.003544293483378
2.6453094041047356,0.10213833806077588,-0.46424956829162056
4.309898653459719,-3.662216922569086,0.13012293660017793
4.7128331173258005,-3.3502773210104753,2.2723544114327705
2.937567472248926,0.8488259877052062,-0.37261819730674794
4.282072191271759,-2.7561573395601546,-0.01032525500039938
3.274440914110759,1.6733378499819747,0.9393614338376954
2.3227073475626856,4.245101499841027,-0.2072858471641048
4.520625390545332,-1.0884823946497182,-1.997015706285369
1.8475670497857655,-0.6789290870029348,1.904340198543137
4.2998013634635655,-3.099504963833102,-2.039367105817674
4.811085630636269,-0.6343722831885676,4.720206217903174
2.9348467416703343,-4.641208510339832,-3.0864112246428
4.774555643930162,4.607973060206447,0.5659165910210184
1.4609072149593914,-2.279069857067256,4.520910857128399
3.529698498496929,2.783262186802019,1.8492399690480674
2.292466144453952,-1.843458682168392,3.838175899975118
4.216369186561401,2.0206946422884826,1.1893042309748907
3.7780950147995007,4.758699375629137,-0.35722932455756773
2.6798697948280576,-0.05227866166472772,1.6509877833582065
3.1499465970598486,-2.14616467550469,0.8582838442792102
4.2091300380475225,3.282002587074487,0.7407475519655096
4.595962025309191,-2.61185866703608,-3.9328591164446216
3.0856415047438848,4.732525517670682,2.375885099166811
4.875189087044415,2.1583196907259374,3.768836998086515
4.86402575637417,3.4624173058778176,0.604011810847819
1.5028976920300536,1.1547214137510275,3.138695628094851
4.585742110196708,2.2716543492692933,-3.9853914217599593
2.8626932234859357,-1.4784463990346817,4.114351403237924
3.7923156974443124,-2.303297336096517,-1.451806512783512
3.826020025030701,1.3159376513091061,4.636627102130699
1.441956925382164,0.654555965905419,3.99530915886071
3.8068361790701495,-0.568885996732166,-2.9526491350774298
4.074732027348,2.8258097804459847,1.252909358558468
3.1450017077660455,4.223224808528965,4.166501120809325
4.606566952869963,-4.063857515360097,-4.344014838649568
3.7993557622192355,3.213720415432885,3.199694222450839
0.8221504213930704,2.2897066937611124,2.8429200234962604
1.8275286616444317,2.6244118215957934,0.976197869899762
4.786938189750455,-4.8409003840743745,-2.5110185801742024
4.797396209018743,-0.0072298903666192516,-1.2535002072647927
3.138399923945954,4.6820143824469955,-2.1287662247120465
3.39953771722033,2.658509922899394,4.655425795923387
3.342359894963492,0.4441816100323761,3.3630227738540412
3.8169091935394235,2.760811373668977,0.7125397704241738
4.099896216824481,-0.5640796137966628,2.087105079450133
3.530855123898899,-3.82622395899052,0.6517348170191184
3.1577058454932843,-2.2198366833121796,0.9228738576591375
1.0737653894887487,-2.1252712579766952,4.983167502844697
3.145056079423508,-0.8602208373063256,3.7914218566423585
3.177571936931244,-1.8389286774180191,1.6961676468587612
0.26851875891834354,-4.920671238054769,4.893400561666381
0.8157740734429115,4.897517076637053,1.434625222408049
2.67777192147274,-3.2283883556158264,0.7240511243464933
2.1131451813648674,0.5388461105141431,0.2784679611795946
1.483127561631246,-3.3005928578274224,4.173961868584243
2.7014995631209215,4.490163206876165,4.501761192470797
1.4654993575115194,-2.9507785421936616,2.9550271029866515
0.9882089062342194,-3.5076396769024996,-1.0511773746319952
3.5588093034867736,0.18123058299555872,4.859589019696045
3.147341604940589,-0.6436353219387172,4.797108381616882
4.27092436265076,1.3293265115948536,1.1762203098445774
4.3029597721759245,4.310405128877733,-3.4103479213573085
3.7517637054837767,0.14511144321215674,-1.4119075219291846
2.13853474433464,1.9712394176338819,3.2799551904103303
2.8875344929940114,-2.8263782469731593,2.024924845149857
3.8439056376662712,-0.5558376882136393,1.8876386290535443
3.2874526675148736,2.452994817270082,-2.648969764632134
3.303318515696816,2.7419734860001723,1.5947205427468516
1.9208513214624663,-3.192334557000306,4.6075784641954005
1.8431856196666487,0.7562409393482881,1.3506617434723358
3.6171602955402715,4.93782286859075,-3.5913248635850725
4.034577736922241,-4.847427336793717,0.5525106372359563
4.848694855149969,0.8376040773916484,-0.008595625361616399
2.2877028040826026,-3.908501597017753,2.6591973168425644
2.270145998308367,2.667085112046392,4.468544839932111
2.6144694026907516,-1.0366467411300606,4.793824593517318
4.297911480973928,-2.936984062814565,3.1745195641808053
1.9241154623199535,-1.2080935254819423,2.833356164979146
1.5138334426250584,-2.279069857067256,4.520910857128399
1.839992141169576,-3.281702403931729,4.893400561666381
2.3324506772642746,0.04700608095894321,3.4551767553070647
-0.024356153949325332,0.8376040773916484,-0.008595625361616399
1.8430962183131978,-3.82622395899052,0.6517348170191184
0.2925592686771692,-2.1250189795881234,4.572253423743934
3.619074096746928,-3.91759147395065,-3.9853914217599593
0.984272223880148,3.9460666350384734,-1.7968067417796876
2.0962011591986034,-3.662216922569086,0.13012293660017793
2.695708964476708,-1.6552019509956795,0.44121383585357243
-0.025517214153567558,-3.077499831778523,-1.049031311100268
0.05742017450810355,-0.9195286465207131,-0.019443751719925295
1.90896917516924,-2.14616467550469,0.8582838442792102
1.9060138876830273,-4.250562169423951,1.1762203098445774
4.336778121359913,3.6431617360654727,-2.8989689071766387
0.791959181500145,-3.146936878863454,4.374238846562662
4.738594723662143,-3.9694456642702978,0.9467975365748416
3.3187546445289886,-2.654125158449958,0.8360582493121331
2.895288671587916,-4.592625453931599,3.7276311793879096
3.294132878111789,0.07382378206206752,3.6801946808768253
2.279104912370716,0.7623288172324294,1.2191849048536607
4.835367850636999,4.0541122886730125,1.5902581137402292
4.5977012817589475,-0.37658792008066744,1.466118227241541
4.5870747676549435,4.1379941472574515,3.507345798849359
1.536948635485861,4.716112755889204,0.05430260237370277
4.87023753663747,-3.5984969135666836,4.237551847920768
4.0356385193336255,-0.9836545047023071,0.3413662758256386
0.984272223880148,3.9460666350384734,-1.746686702310396
-0.027102078833365795,3.087153481852896,-0.34290121408019125
-0.025517214153567558,-3.077499831778523,-1.0908128849854193
0.07921699945287486,3.135265794850003,-1.2370581634310183
0.9882089062342194,-3.5076396769024996,-4.888966666300771
0.9882089062342194,0.6815254294910513,-1.8838608653929532
0.11999230663922944,-4.9803635461748,-1.8838608653929532
4.239081389860054,-2.243306676664564,0.4196716340223672
4.2169510498005955,1.1269240482681706,-1.3255149905366381
3.3192308000731376,-1.8849025742338932,-1.429032744197424
3.5678148408570447,-1.3030500903670417,2.5028010980254702
3.381458114173059,0.5566651282534396,4.057118924835054
4.047329753121371,1.249912353083733,-0.8781120273332359
1.4598810796107076,-3.1192246551706724,3.3932623874882992
3.601112253254298,-2.1659618657989723,-0.39599938276632773
3.7829702564761174,-3.618464174534922,-1.7540479792735053
4.710095965478464,-2.673588749666418,-1.0423140595910443
4.609263035484279,2.7329537724182726,1.2276999046530088
2.249657628217596,2.939226714824744,1.3465129363342232
3.3410125161342634,-3.4003312364335017,3.332242634570793
2.96477861674136,-0.22973047817055203,4.629751806828693
2.212762576228478,-0.3543925112583244,1.2756263209742915
1.9281813093061437,-1.0732736362366313,1.1150867992505482
2.629118069907678,-0.6849438981719613,4.375017232255477
4.237104338096554,-0.7763001530515172,3.25267503410765
3.0612223804458623,-2.4813122984818845,-0.20336562096636257
3.5018147092039005,-4.379055979344894,0.5568520944620587
0.3104735458722203,-0.006588987021655335,-0.008595625361616399
0.3104735458722203,0.5566651282534396,4.057118924835054
0.8133489050577207,-1.4273023999750025,4.0853515091979915
3.146967999599715,-4.490876164831128,-2.6492813590898545
1.4361945716251334,-1.2172798819229302,2.584044978024594
4.569321939941373,2.7735641215251174,-0.48924705568608484
3.752881896305544,-4.592652911149717,0.904573097842313
3.861573868723024,-4.0277943760016965,-2.2626921058168614
1.5588509730653772,-1.7269758132703394,0.49861422343213135
3.1519324377823885,4.056919433198434,0.7713041940719911
4.706613969043117,2.5777681852193908,-3.0255994116431486
2.3041752979447603,3.831741060477416,0.12250079248449453
0.14225261084341057,-1.7197141608749544,-0.7575839544183331
3.534781347938514,4.878056130055896,1.9152487913623863
4.827100936543321,3.5892333602639006,2.699380897083614
2.459712200330789,-0.2987694588205052,1.311345119873918
1.504217006876221,4.375708248532661,1.792667429692476
4.865393101054709,0.9664965235704841,1.6922193597536914
0.8123541370207086,3.017393430170724,4.298331780518641
3.6033993078262974,-4.038729333127912,1.5209922051323845
0.11999230663922944,-0.2285901295021766,-3.4732835590683675
0.3104735458722203,0.5566651282534396,-0.019443751719925295
2.1298898038267664,-3.5076396769024996,1.6922193597536914
2.9245362134578894,-0.5640796137966628,2.087105079450133
0.07921699945287486,3.135265794850003,-0.13338415819314875
-0.025517214153567558,-3.077499831778523,-1.0154180345095987
0.8157740734429115,2.7910840454255057,-3.734440586556651
2.622424442438742,0.10213833806077588,-0.46424956829162056
1.1668506715523623,-2.6633386076074994,2.8171528539593993
1.834085373054143,3.5879075626696473,4.230030407536653
-0.014310862459755214,-0.006588987021655335,-0.008595625361616399
0.8332938046049732,1.3198782401632787,4.341934480942955
1.4981139269599577,-4.696954990326177,1.423332391399751
2.7151924950997692,-2.621517688206596,1.3970364868358276
4.2791764891516095,-3.3776753467957876,1.011972353228325
2.5195283688466876,4.24324986726236,4.8474747888007315
4.060534392276759,-3.4672536711726942,1.8608565393632235
3.7843086694080004,-0.735960550106741,3.8045416576722566
3.862488657914536,2.3960717278480805,3.0956006331069794
3.283298258039732,-4.609926519056251,-2.114852191752327
4.356428178755165,-2.038995216295575,-4.226616614863749
0.4594248655705888,-2.078128616789343,-2.392518345403686
4.203948290832029,2.606880640294193,4.003890095121749
2.3241114195228807,-1.9819696265300957,2.4299196716047122
4.084995861142865,4.641729825146761,2.794720107167203
2.1287618932071615,2.655696082119098,1.0104973026174697
3.542632822276298,-2.0413493604780575,-0.3825363945855571
2.1010421980109655,3.638326794628785,2.574287458985461
2.6821080598235767,-2.8263782469731593,2.024924845149857
0.8157740734429115,-1.6552019509956795,-3.757290380278353
0.03377609636553114,-2.4661971981129183,-0.01522503493061933
0.8157740734429115,4.897517076637053,-2.4796691986916066
1.5481359712036653,1.9242052680816188,4.475415511018243
0.03377609636553114,-3.3005928578274224,-0.019443751719925295
0.158593152629253,-2.1250189795881234,-4.962063275906575
-0.025517214153567558,-4.920671238054769,-1.8495917730123033
0.11999230663922944,-4.9803635461748,-4.621374122795695
4.327633715909879,2.4878462437682405,2.767873045623479
3.617104898862747,4.387256453011432,1.6265845019994156
3.1496287143727955,-1.8099733562322329,-2.119413464676195
4.544851921974102,4.170966847179301,-4.026820513441409
2.6697044683625526,2.8099395041948902,-2.2607509872562725
3.041400059472142,0.10637183267036754,-1.9159158167076704
1.1334061965040165,-3.2349633921537393,2.6607812612085837
1.1436524339029557,-1.4541497006713477,1.936269109703316
-2.9957753251507144,4.030486125616678,-0.005185269739950371
4.0054983231207935,-0.8015941072592518,1.2667525065837157
4.762825961179603,-0.9688981847466538,0.6100428325872702
4.8506698635517616,-2.4064466128961106,0.4143056984627229
4.244727665168099,-2.734947881373201,2.6374065481288778
3.6327042774877008,2.414314936249184,-4.119987872862151
3.7323316139074834,0.3944917283561056,4.232833819486844
4.242612701984543,-3.7633673015879463,-4.643289366101518
3.075303556249505,4.3851445906935975,-1.3286630970767597
0.826580045879517,4.526912631442119,2.308922771217322
3.3797175255031586,2.1980784465447902,4.221215982681361
2.906585244060568,3.5879075626696473,4.230030407536653
0.11272893634261827,-0.6706149126583689,-1.4248883266955858
0.2863267771452289,0.18123058299555872,4.859589019696045
0.14225261084341057,-1.7197141608749544,-2.4796691986916066
0.6238684366723843,-3.8102666282698516,4.00742215071733
-0.025517214153567558,-3.077499831778523,-0.008595625361616399
0.984272223880148,2.452994817270082,-4.532723385029729
2.313769237024882,-3.152992149466175,-0.5809571925157666
2.9002872328977327,-3.250483405350794,-0.8295394805037688
4.32345756782998,-0.8563023178785301,-4.15812776557904
3.1066323023408966,1.249275716924477,4.545856413579189
2.7366029334658943,4.203572412542464,-2.439398604462517
1.5004756571546967,3.597943085837569,3.403355280924073
4.832105459027323,-3.162123628392809,0.06824184221972551
3.1332715274138927,-1.850456374960686,-1.7249687466909327
4.199042280974396,2.965268033835261,-4.280085527942148
0.12061027523918799,-4.9803635461748,-1.8838608653929532
0.12649746757117608,0.7388552689234738,-3.6518698370402545
0.9882089062342194,-3.5076396769024996,-0.34290121408019125
1.8498434668162052,-1.9819696265300957,2.4299196716047122
0.2925592686771692,1.7304105421662195,-0.0006762890080000972
0.0856320477511332,-0.47595173253548495,-0.499132529992389
2.515340071014145,3.0286648643242398,-0.7544008969778337
0.984272223880148,-4.920671238054769,-2.859012177224627
0.12649746757117608,4.030486125616678,-0.005185269739950371
0.3104735458722203,-0.006588987021655335,-1.1121481723064242
0.11272893634261827,-0.6706149126583689,-2.2608190677044506
-0.025517214153567558,-3.077499831778523,-0.2127001378700104
-0.014310862459755214,-2.855322191693074,4.394188709061593
4.577783326889261,3.077789937588058,-2.161657020523732
4.600811303350017,-0.10635010326869221,-1.0667632149206985
4.020186982721402,-3.782935259162512,-2.957198415544433
2.12703237599957,-2.492801204980416,2.2188690785500533
2.5021701624777055,4.756266313397683,4.1472954776915785
2.695101126062945,4.4996565671724404,-3.564406062642811
3.534920688590839,4.612309266234643,-3.278188213405854
4.3584023744076745,-3.2053414363635624,3.507639189938205
1.1876503656078956,-1.6998391361943268,2.2413566288784983
4.829102097767343,4.5068547173218825,-4.149706299912149
2.5357022745669955,-1.3690248938822513,-1.8250428635835991
2.6640181743085076,0.32928166721107655,4.677235645434912
1.5276735045695045,-1.062668321305539,3.6009305055060956
3.337330870345099,-0.9646703709297295,-4.146340674554746
-3.752770872019454,0.48953462346944043,-0.005041091426397415
3.725817793222255,-3.0557881393621953,3.456813581324438
0.11999230663922944,0.04700608095894321,-3.6255645037576913
0.12649746757117608,1.4556440827343273,-2.4796691986916066
-0.07575952601680402,1.249912353083733,-0.8781120273332359
-0.027102078833365795,0.7388552689234738,-0.596807924144068
0.14225261084341057,2.3960717278480805,-0.019443751719925295
1.1094177901451454,-0.5231099985437151,2.844574187919231
0.07921699945287486,3.135265794850003,-2.1287662247120465
2.4968144373405607,1.5019836121563612,-0.07982455459971671
3.7658128053928923,-1.1116723940388473,-4.666874451439986
4.856742104900633,-2.405976549308498,-4.62687043127648
3.150148731594909,4.582840958874575,-2.016234044403087
4.214825804494845,-3.9705817389743103,-0.6299807906007988
3.562329182995555,4.2941021447431975,3.8400491936902874
4.597233370362355,2.359245941833157,0.9073393111124082
2.663786026885896,1.3073285615172479,-2.2791040898178427
4.265502638034279,0.3032493423159828,-1.973754472994429
0.8105068348168141,4.05651530523485,2.99651347384523
2.9290959234296556,4.4772141834877885,-1.5704480957518099
3.8381998193773796,-2.4447274831853036,-2.6145934629834846
3.7568592709845916,0.6273769998531904,1.5863467516744967
0.8123541370207086,3.017393430170724,-2.4796691986916066
0.11272893634261827,-0.6706149126583689,-1.4119075219291846
0.07921699945287486,3.135265794850003,-4.3654761494140075
1.9038447681234167,1.736097447232524,0.9846469310463632
-0.025517214153567558,-3.077499831778523,-0.2941212050111428
1.1196065416430052,0.16485252736932932,3.8622217009167024
3.756895521275613,-1.466585738124866,2.9396818539038927
3.9981693722251084,-3.0042178925958716,-2.0973735577032615
4.284016024679712,3.1802392028521798,4.109041639859097
4.084367660758867,1.7368932656350067,-1.1350371083645072
2.1289336387361626,0.17799645226447147,2.1853207152658536
3.3926542070343437,-3.929060302818087,0.5180910986738541
4.34921911026086,3.478886999260368,0.848636540970789
2.2847177515364026,3.798453900204393,4.24219530310943
3.5535956041786534,-0.7325457576682668,-3.3677690051057674
0.8096950852987241,4.069127828083904,3.9599889245901316
4.332272477141455,0.5311465816309173,-2.1294821379623583
1.8453032009714434,3.5802370787797635,0.2285224984661447
2.947657392200722,3.3378794906366878,3.225175361937387
3.6100204353927445,1.6903295718256324,1.6272136933175876
0.01873590027937233,-2.584532356712473,4.271044005053659
3.5801987721361765,1.568761950080102,-2.6045642822578063
4.859106780835807,-2.3457949044240243,2.900635556005934
0.984272223880148,-3.782935259162512,-2.957198415544433
0.11999230663922944,-4.920671238054769,-2.3968911109506443
0.984272223880148,3.9460666350384734,-4.621374122795695
0.07921699945287486,4.758699375629137,-0.0838994634251291
0.12649746757117608,0.7388552689234738,-0.009213537025121177
-0.025517214153567558,3.9460666350384734,-1.746686702310396
-0.014310862459755214,-2.855322191693074,-0.34290121408019125
0.984272223880148,-3.077499831778523,-1.049031311100268
-0.027102078833365795,3.087153481852896,-0.337839996366748
0.11999230663922944,-4.9803635461748,-1.92839231514905
0.07921699945287486,-0.9912626762887911,-1.3504488913026726
1.1693185941279651,-1.9819696265300957,2.4299196716047122
-0.025517214153567558,-3.077499831778523,-0.337839996366748
0.3104735458722203,0.5971698205414242,-1.0856135629713517
4.270196612458934,1.1184511277493625,4.04760666854564
4.774342104476927,-3.4569507645045072,4.448663739330584
2.4868080826438543,-0.8197467434014039,4.947050274243804
3.7890142057211698,4.622307067666862,2.406829037261109
4.255484404274869,-0.9486381715130188,-0.7201440874034475
4.324942349419006,-4.2712299927695,3.897695960637188
3.512345137567536,1.7716491239053402,2.453009185709746
3.15132207358384,2.3490784681968933,4.542412896996119
4.233867568814773,-1.0101829273105576,-2.7498139230894534
3.1437833406070865,3.6642546725173055,2.16322285638486
2.286144999361108,0.8429159234026828,2.241312305663908
1.1819906805786493,0.26038068693734484,4.849285053220118
4.09735499053372,-0.056091755887295314,-4.266423607756627
0.12649746757117608,-1.6988444780092573,-1.5263057962718718
0.8123541370207086,3.017393430170724,-3.6518698370402545
-0.04803371492432351,-2.40781874349263,-1.7316931513362488
-0.025517214153567558,4.170966847179301,-0.67644405235656
0.9882089062342194,-2.6623130739589405,-1.92839231514905
-0.025517214153567558,-0.7833406515029075,-0.596807924144068
2.948163089714387,-0.7479986654166693,1.2807619830735035
2.295763797503181,4.159760290513123,2.3426154940712838
3.398093692031713,3.1239786491590564,1.5670144936374273
1.8744215162616733,0.3727798798756412,0.7812735273144087
3.163310933766951,-4.084365432123876,0.7293649616209974
4.30625056390684,1.5736912509558776,4.119789733034228
2.887524504713978,3.83514977901641,-1.2109558489711536
1.501612155078833,0.8464157548287377,1.1223876349820516
1.8532390068659712,-0.39000280707962176,4.0206216988001096
1.1642219936827516,-4.494286872030392,3.016046135504954
4.600205366449883,-2.2477602730623336,-0.7443856668147202
3.6196261115089197,-1.9882456008644378,3.148515944576305
3.768889758824855,-1.509849177908035,-1.1647523856671493
0.6238684366723843,-0.10635010326869221,-1.0667632149206985
0.984272223880148,-2.40781874349263,-1.7316931513362488
2.4452710519830703,-2.4701988727981163,1.4946680795474627
2.3324506772642746,3.135265794850003,-3.722566860964067
-0.025517214153567558,-3.077499831778523,-0.0006762890080000972
3.136028016862305,3.282002587074487,0.7407475519655096
-0.025517214153567558,-3.114223965005322,-0.5912780017770913
0.07921699945287486,-2.40781874349263,-1.7316931513362488
0.11999230663922944,-4.9803635461748,-2.3635581705304007
1.9405749972353021,-2.07234586443787,2.767873045623479
0.07921699945287486,4.758699375629137,-0.8420635381801658
4.822183389350247,-2.745968986810685,3.8135059791080046
4.2146129302456785,-3.8568215195831113,-2.9056542722298753
2.2528796134665052,3.475441073901731,3.170794790735819
1.4485505591402035,0.09737334302597933,1.579366961893176
3.7703687628911062,-3.8553087354956848,-0.6752551223573189
3.6088040313175753,3.9408416916866322,-1.1240851161455891
3.537347372098056,-0.05951529336852701,-2.2464289385621825
2.2648904343049514,2.1157241744532786,4.5663800504693
2.898756695198231,2.4242051956154933,-4.3776775190275075
3.5158113992146163,4.258701900275039,2.323660026499682
4.092611025103793,-2.221295735843606,-4.955784049647632
2.9331513031078114,-0.7460934852700696,0.13896978163553175
4.606112586374207,0.37167772917800956,4.831386194893463
2.6451969140030105,-0.6904824772564115,0.038106260573393946
1.1297228777715826,-4.601246693988664,2.0296017943930744
4.103992017534445,4.973250380086226,0.5208486197018694
3.36959059939171,0.9628836052505889,-2.127881242128884
2.5185506850675345,-1.0880517905744238,-0.5922908743996205
2.307092823916915,-1.1779410230077114,-0.30435442897354115
2.731505581437146,2.1639859127283048,4.228748004492704
4.808357184283803,-1.756923742895121,-3.5432548537937016
2.250883188427193,4.2987782581184355,0.9971365830917591
2.750181250092476,-3.1078627072609786,3.4413696926658783
0.3104735458722203,4.758699375629137,-0.35722932455756773
-0.025517214153567558,-0.9195286465207131,-0.019443751719925295
2.2273760255463326,0.19297585470440204,0.9971365830917591
2.477625694578145,-3.23450965722917,3.6196655766707337
-0.025517214153567558,0.48953462346944043,-0.005041091426397415
0.3104735458722203,1.7368932656350067,-1.1350371083645072
0.12061027523918799,-4.9803635461748,-4.621374122795695
0.11272893634261827,-4.9803635461748,-1.8838608653929532
0.9882089062342194,2.811954006757661,-1.926185195721557
0.11999230663922944,4.310405128877733,-1.4293839111720805
0.3104735458722203,0.5566651282534396,-0.34290121408019125
0.03377609636553114,-3.077499831778523,-0.0006762890080000972
4.832432735705845,1.8693480420986344,-0.9927718653432791
2.501088614078811,1.8481854702169649,-1.913826626722912
2.670433555823549,-4.410195792578656,0.7968047904368225
4.813182803380583,2.2741746639036418,4.6926930304341425
3.102009265910878,4.142565755488135,-0.13670911792149454
4.509292195915981,0.1934537613536449,-4.8300151690464235
2.9400135655275843,0.9595312524598931,4.911419594922142
2.2998213704884467,0.6646717071187167,2.6779607623944788
4.725644062114489,-2.224634670199853,-1.1165404489472075
2.329746621815323,4.741901600321784,3.5129931413871205
4.000673521413894,-2.553226157589302,0.6785362141420004
3.7164525587408317,0.9122104170159782,1.00993233181614
2.7163488396260584,0.652235137640103,-0.2840429321127571
4.5764889769394586,3.7784338188953264,1.9847442109221607
4.025880224964663,-0.8993697421144873,2.123303593802418
1.5320421213729976,1.0716361756866455,1.259325374100496
4.104653677392486,-2.699363750299506,0.42972892047539624
4.568386699807803,-4.726140932522145,-4.5657595601618395
2.3227073475626856,0.7388552689234738,-3.8328603298901296
-0.025517214153567558,-3.077499831778523,-1.1121481723064242
2.097873380829598,2.795622706903788,1.6922193597536914
0.12649746757117608,4.025365564222451,-1.92839231514905
-0.025517214153567558,-3.077499831778523,-0.37261819730674794
0.07921699945287486,3.017393430170724,-1.3286630970767597
1.9239389490724275,-2.8861316724060093,0.05019660330443454
2.1023291026913515,-0.14911330378610543,2.6779607623944788
-0.025517214153567558,-3.077499831778523,-0.009213537025121177
0.03377609636553114,-2.4661971981129183,-0.009213537025121177
0.9882089062342194,-3.5076396769024996,-1.1121481723064242
2.848127007143379,-0.16812998010778912,2.3426154940712838
-0.025517214153567558,4.245101499841027,-0.2072858471641048
-0.07928198506441575,-2.4922684332699774,-1.663897711521023
4.021947271740281,-1.8097826103820767,-0.6666354877963592
0.27714482300594145,4.742872901148228,3.122786025907292
3.5355720745307373,-3.699325076514338,4.676093106027162
3.7860616684197375,4.443588660280186,-4.212907180664672
1.1131824638849732,-1.2451602874199876,2.6396366235300297
3.5133737497704303,1.9123421381109225,2.867095825903787
0.8189533891545704,-3.1593275316850966,4.802514829115628
2.6961182130400063,0.37400403995695,3.0091906929840935
4.81308535204241,-0.9491949149219527,-0.7829272511587559
2.857820378505939,1.8872209968173692,2.0209341303874693
2.265194514587839,-3.9617256461737984,4.9819732021648395
4.226813813446563,-3.909539351735214,1.1314044174660163
4.798623370240735,-1.1335304201042637,-4.316371824373027
2.2951032773334497,-0.7265277739200027,0.6767121971678849
2.9009623195101844,2.3483609877799925,4.487441877569751
3.573998308031598,-3.66876967723212,-1.4009345568886342
0.11272893634261827,-3.114223965005322,-0.5912780017770913
-0.025517214153567558,-2.224634670199853,-1.1165404489472075
1.543795026225668,1.7717019130445415,0.9688852494597313
-0.024356153949325332,-3.114223965005322,-0.34290121408019125
0.0856320477511332,-4.0277943760016965,-2.2626921058168614
0.11272893634261827,-1.2080935254819423,-1.3286630970767597
2.2326246048888168,2.760811373668977,-0.7535088406866031
0.03377609636553114,4.030486125616678,-0.005185269739950371
0.3104735458722203,-0.10635010326869221,-1.0667632149206985
0.11999230663922944,-2.9646911135202316,-2.34646105763896
3.0829399851400225,1.9264696393285892,0.22992653258119056
1.4755621825610978,0.3737889828165821,2.9756385863052532
1.5315627728223857,0.463101542788519,1.7079660043814728
3.8688868168047303,-0.1368035066943012,-4.054287639558738
4.284896490196344,3.3077124265501983,2.7769703895049567
0.12962636058126265,0.12907336785268342,-0.021453836656100123
1.0967086564158084,0.7295628083776231,4.4380089950657915
4.036920969455711,-3.700944392602905,-4.1408205522218635
3.7351449511756645,2.9102163024266536,2.3590796155326395
4.769516425361802,-0.006900573058601367,-3.0071935590858976
0.8096950852987241,4.368683813090936,-2.392518345403686
0.11999230663922944,-2.14616467550469,-3.722566860964067
0.2863267771452289,0.18123058299555872,-0.3052097144007426
1.857882775963735,-4.022630612096205,4.978842782249023
0.12061027523918799,0.04700608095894321,-0.0006762890080000972
0.12649746757117608,-2.4701988727981163,-4.666874451439986
-0.027102078833365795,-3.077499831778523,-0.0006762890080000972
0.9882089062342194,-0.10635010326869221,-1.0667632149206985
-0.027102078833365795,3.087153481852896,-1.049031311100268
0.12649746757117608,-3.077499831778523,-1.049031311100268
2.5205441858515893,-2.279069857067256,4.520910857128399
0.47624989359206893,-2.7561573395601546,-0.01032525500039938
4.309979996045602,1.5710206127886472,2.7568707287442713
1.166884442878744,-1.3077486626347055,2.7118670895735475
2.7337698814252924,-0.6229832889708886,2.5210696704673037
4.206986694236342,-3.354882834868466,4.185168735982002
3.8659264128220663,-4.828108923796942,-0.24408530526276895
3.3661984149448205,1.0734948678759757,-1.2622876930890325
2.7408760573767452,-3.025974169494475,2.496726252863266
0.8057059337518453,-2.233551682472447,0.73678823012796
3.291744739247907,0.9903967312241422,-2.707307646949524
3.2806055024670826,1.9922700943236986,3.772830909564542
2.962883811586236,-1.3850628167245702,2.5257128803996656
4.566906985754155,3.6945167975044075,0.9750602792271312
4.0847951364413735,-3.709591359351103,0.34568264820684114
1.4739475918893818,2.655696082119098,1.0104973026174697
1.174294867626787,1.249275716924477,4.545856413579189
0.9882089062342194,-3.5076396769024996,-1.049031311100268
0.07921699945287486,-4.0277943760016965,-0.4530777244759312
2.4720453070810686,-4.920671238054769,-1.8495917730123033
0.11999230663922944,0.7388552689234738,-3.734440586556651
0.984272223880148,3.087153481852896,-0.337839996366748
-0.04747164977128193,-3.152992149466175,-0.5809571925157666
0.3104735458722203,-2.7561573395601546,-0.01032525500039938
0.07921699945287486,-0.6277082207424991,-3.4732835590683675
0.05742017450810355,-1.4746743119493821,-0.005041091426397415
-0.025517214153567558,0.6815254294910513,-1.8838608653929532
0.6238684366723843,-3.9617256461737984,-1.0154180345095987
0.07921699945287486,-3.250483405350794,-0.8295394805037688
1.1523802778585956,1.3821871062033342,3.329681438370704
0.04492838578008751,0.10213833806077588,-0.46424956829162056
-0.022960092372635188,-1.524438021593645,4.681104666836179
3.7590843253457678,4.304878909665007,-3.379908304992866
3.35854811449407,2.0716402290417264,2.017681561410283
1.0681488464754025,-4.713317251589791,3.2865007764457683
4.027510186865493,-1.1509481290449552,-2.9952953502927793
3.8018480677855813,4.41263972475716,3.379325709612237
0.9830525664058669,-0.23542636887154966,-0.9050978911246643
2.694137249586973,2.6698420888859955,-0.07661203775288694
4.792103486303862,-4.557542554334804,1.097628738538523
1.1765569430123897,-3.2756312380900576,3.2247098777021694
4.864724802974184,1.7523950022339463,-4.1155123569816885
4.051949894649265,-4.727812680490823,2.4147622292439763
1.4525400181591106,-2.4647494230532594,1.3275041953904445
4.527271879778546,4.023769224631447,4.567267050258865
4.865426125473364,3.844310109377581,1.0389176713178276
4.222152520559035,-0.6941951532836041,-3.068095035312669
4.016635880189966,-3.537104168239804,2.0622521314354554
-0.025517214153567558,-4.828108923796942,-0.24408530526276895
2.261352739370585,-0.5231099985437151,2.844574187919231
-0.04747164977128193,-3.077499831778523,-0.5827518413576698
0.984272223880148,-2.40781874349263,-0.2840429321127571
0.8157740734429115,-2.14616467550469,-3.722566860964067
2.3241114195228807,0.7388552689234738,-3.734440586556651
-0.025517214153567558,0.5971698205414242,-1.0856135629713517
-0.027102078833365795,-3.077499831778523,-1.0908128849854193
0.12649746757117608,-0.0072298903666192516,-0.0006762890080000972
0.984272223880148,-4.828108923796942,-0.24408530526276895
0.0856320477511332,3.5879075626696473,-0.008595625361616399
0.629433877804944,3.277589621640338,3.456813581324438
0.07921699945287486,4.758699375629137,-1.2773641864479313
-0.024356153949325332,0.04700608095894321,-0.019443751719925295
0.11272893634261827,-0.10192215289911744,-1.8250428635835991
1.8227239266468942,0.09162674885256727,-1.2298715864332777
3.818001890061284,0.5608984266422716,-2.5269872753801725
4.325483759820903,-3.7354281625050967,-0.8187544734573349
4.205633964933099,-0.7102945349242464,-2.7293117712872195
2.7194829972366366,-3.389981869810862,-1.2855605060994888
4.600553479143395,-4.300077021576595,2.6036154592097693
2.5343525912736586,-0.3614329540955925,-0.6154733807283161
2.514516213957714,3.8187976313914938,2.610504819956616
1.0836038081074744,-4.231292819319119,2.795765192089635
3.1616401833267425,0.6669055520276812,4.745345671570105
2.9450933237055708,-0.6274861515796353,1.1405174037340338
4.065006942321844,-1.3725551113764958,0.6899948092115613
2.232627407636185,-2.196969175028748,1.269032876491619
2.50042518097752,-3.2283883556158264,4.341934480942955
1.153602186435391,3.1239786491590564,1.5670144936374273
-0.014310862459755214,-0.006588987021655335,-0.01032525500039938
0.984272223880148,-4.611232236851555,-2.7991131357537435
0.07529592018409215,0.10213833806077588,-0.46424956829162056
0.04492838578008751,0.5311465816309173,-0.07119126568679768
0.07921699945287486,-3.389981869810862,-1.2855605060994888
-0.025517214153567558,-3.077499831778523,-0.01032525500039938
0.11272893634261827,-3.114223965005322,-0.67644405235656
1.9270234971182818,-3.4658628522569823,3.4014378480192633
3.309456910111205,1.2187853745580943,-0.19384139962111657
4.859615835381883,-1.2395995949375163,1.6061522175331664
1.0792010285575895,-4.502028523190907,4.227361293168965
3.7337883757213852,-3.3241661948328693,1.1345639371261163
4.812006917124128,0.2012349768108841,-1.5886122086263188
4.09893419999004,2.2108107898039355,0.3826698874989152
4.300537009079294,-2.2416470886458173,-3.4171340606779443
4.834292172383654,-3.029675872742347,-2.7686851827021597
2.7166572466598478,0.13277434957058265,-2.2374876598177407
0.8251897882425396,0.7608147787633364,-3.813888896790539
4.848009994061215,-4.077354626536888,2.840843201627089
4.093275066559903,4.115275674527842,2.824571919912491
0.07921699945287486,0.7388552689234738,-2.161657020523732
0.4594248655705888,-1.6988444780092573,-1.5263057962718718
0.9882089062342194,-3.5076396769024996,-2.9840012751476594
0.07921699945287486,1.1269240482681706,-1.3255149905366381
2.2509441341729586,2.760811373668977,-0.7535088406866031
2.9445995273771306,1.5776849676974605,0.0926793528011105
2.2119715338529513,-2.119450576164378,3.7681165683334257
4.23451696825772,-2.4823216528656014,1.8897890755799498
3.6195646992672295,2.736282023006175,-1.9893203531991843
1.5275383215377234,2.4291512997940696,2.1266941221417603
4.579684792987466,2.309591242527956,3.9076319195838956
1.8604391735180403,-0.9959230845122597,-0.5015245983682446
2.624949124684406,-3.9933024364740133,1.3476457974677638
4.264230281085444,-0.32912121162959096,-2.615410110118476
4.571775763321899,0.4237091831821074,4.038071309855587
2.318771993328922,1.087643078759557,0.9107067561959505
3.735640898345249,-2.3866549944017192,-0.06274366223828576
4.204148259094524,-3.3710790091391263,-0.1890027239548333
1.4788143464514487,-0.6357978533661015,4.5054153425268755
4.276913018745969,2.049968096145257,3.8435870318103245
3.0811708439112966,-0.8854299236160736,-0.6276231786067923
2.923617367712054,-4.474254870212104,-1.6771211476275227
2.7001945482001757,4.170966847179301,-0.67644405235656
0.3104735458722203,0.04700608095894321,-0.0006762890080000972
-0.025517214153567558,4.758699375629137,-0.35722932455756773
-0.007527413548600315,-3.9617256461737984,4.9819732021648395
1.5481359712036653,-0.2987694588205052,-3.734440586556651
2.9538087713714622,4.937809387912601,-0.38967543588257136
4.071526351181239,4.611207431899771,3.7395280990806565
4.279521517263538,3.178837835013132,-0.991241843727229
4.8781066592613325,-0.3016787809495298,2.1719220570814883
3.405309616135476,-0.11053072603076153,-0.06427542702136613
3.1688333126939057,3.7319202422199265,-1.7518216517183092
4.8043597863763186,0.5763656312243253,-0.5626999420648291
4.078930266204816,-1.9932298216608944,-1.3795445360218839
0.005461027068276891,4.508444726130843,4.660058914359119
2.7223227002007535,3.312131728749012,-0.27263196759465913
3.5710532796092274,-2.484130206218853,-3.0434278606226686
2.2957752784018215,4.378829077667627,0.8264469353302708
4.834395547930265,-4.048989896943359,-1.7384796447750306
4.542196261853986,1.3315532937293373,-2.3757873143108488
2.1303550247955974,-4.67428701076686,4.273006016595334
0.9882089062342194,2.9539796388013855,-1.0440691060493554
2.1034872160800147,-1.4746743119493821,4.978842782249023
0.9882089062342194,-3.5076396769024996,-1.9492833695097556
-0.027102078833365795,4.245101499841027,-0.2072858471641048
2.4470098140360577,-3.1593275316850966,4.802514829115628
-0.027102078833365795,-3.077499831778523,-1.0154180345095987
0.8096950852987241,4.368683813090936,-3.722566860964067
0.8251897882425396,1.3159376513091061,4.636627102130699
-0.025517214153567558,-0.10192215289911744,-0.34999805321665
4.327597909940145,2.4651279614393697,-1.7378225311431361
3.8102220358344034,-1.1230339369268751,-1.2037841733037267
1.5133762724014446,0.15447802837732638,4.4239256317895155
1.1842825491399864,-4.980865019439276,4.583515914354582
4.357463661261983,-2.87716494817269,0.492365819411682
2.2501928074456314,0.9071733575148055,-1.1656090551130394
4.712232044725985,-1.0655454579084611,-0.82228942845164
2.693430673510732,0.4539653880910475,4.716264699966308
4.735541555235761,3.968524470447962,4.42162549766987
4.848509392336684,-0.6938337486282986,-4.079918596931105
2.8643510860408705,-0.00047227987818398987,-1.525106283867589
3.627235529911042,0.04097322019970129,2.970316607928053
2.6888190110632753,2.317379837447378,0.5724608943539593
2.5244379197158127,1.9791562648570498,-0.8003585536130595
2.4805475767403298,1.8529305859635254,0.7778288620772225
3.136893726071433,-0.7423852120574193,3.5445933029249055
0.11272893634261827,-1.2080935254819423,-3.450884220231001
-0.025517214153567558,-2.224634670199853,-0.34290121408019125
0.4594248655705888,0.04700608095894321,-0.0006762890080000972
-0.025517214153567558,2.6263209544511064,-0.3052097144007426
0.984272223880148,3.9460666350384734,-1.92839231514905
2.469943784089992,1.8693480420986344,-0.9927718653432791
0.6238684366723843,1.8693480420986344,-0.9927718653432791
0.47676451145401444,-1.5962070923453275,-2.483404158476763
0.984272223880148,0.783223874515512,-3.003544293483378
0.9882089062342194,-3.5076396769024996,-3.068095035312669
3.0764530625222157,1.7304105421662195,-0.0006762890080000972
4.84965673194133,3.0313401650387597,-2.9649638132040734
3.764016426492617,4.510989650516805,-4.768261072495261
1.1218070488545813,-4.311523810617235,3.499375266487398
2.639182136706614,-1.0536869903963018,-1.4122869205242905
4.757333861648606,4.733670016112525,4.6457793641336025
2.9612083673143177,3.3539909034873148,3.2020137060188976
2.090792097172603,4.141818013375028,3.9623232296069393
3.8095375702918286,-0.20726476844795094,2.7384184536502314
2.451148455850011,-2.2689001837442713,-1.780594710657084
4.750544088332395,2.3660963635084826,3.251847632044276
4.262834225617109,1.6865217147460179,2.736177612068386
1.4762894725838018,2.832070304348214,0.8432514271686564
4.23660723747607,2.153798344099041,-2.0706529123408934
3.3691178724277844,-1.09724295100757,-2.402531252856167
1.4396806794144448,0.8161279044772085,1.3249651134680631
4.707674316233241,3.278014103733062,4.458094529036275
3.8670978520072126,2.2737524655638595,2.4509589931428275
0.12649746757117608,0.48953462346944043,-0.005041091426397415
0.8123541370207086,3.017393430170724,-3.734440586556651
0.04492838578008751,0.5311465816309173,-2.0973735577032615
0.9882089062342194,3.087153481852896,-0.337839996366748
0.9830525664058669,-0.23542636887154966,-1.0154180345095987
0.0856320477511332,-0.05951529336852701,-2.2464289385621825
1.5433138285690937,-2.14616467550469,-3.722566860964067
0.9882089062342194,-0.10635010326869221,-4.638453824005115
-0.025517214153567558,3.9460666350384734,-1.0667632149206985
2.3250147111203585,3.282002587074487,0.7407475519655096
-0.024356153949325332,0.18123058299555872,-1.0154180345095987
0.07921699945287486,4.758699375629137,-3.3677690051057674
-0.025517214153567558,-3.077499831778523,-1.892799910808768
3.3721705626368994,-2.7085853099309287,1.10263151540906
3.1031199046361806,0.164536256679777,-1.9850758164975524
2.302238490760735,-3.6203533204582037,1.0822587960427725
2.3354927383608226,4.932588206657407,4.4054573310772955
4.503158180946395,-4.679207111043851,-0.1887067945380716
3.338994813600481,-4.189076248065724,0.25317145715163303
3.854022297559048,-3.309978862862224,1.551817241348897
3.6019785231056343,2.856852798522999,-2.9839147383025786
4.592963105814654,4.225642228211775,-3.4799948257044444
4.7404497990972025,2.355854773532502,1.266169173180625
4.2272072278817046,2.8933117855856736,4.2059963329755625
4.342327537167847,-2.2696986763930926,-0.7774100887343591
4.868191038393103,-0.7330365512930381,4.060154680609429
4.863836837587149,-0.4849220814179631,-1.0832028746024749
4.602495891448482,-3.76844882695086,-3.537893101006998
-0.567036293338921,0.749297339050063,-2.957198415544433
0.3104735458722203,0.5566651282534396,-0.37261819730674794
0.1450295282092382,3.8291960024224636,-1.1165404489472075
1.5433138285690937,-2.14616467550469,2.4509589931428275
-0.025517214153567558,1.8693480420986344,-0.9927718653432791
1.1668506715523623,-2.6633386076074994,-3.722566860964067
0.07921699945287486,0.09162674885256727,-1.2298715864332777
0.984272223880148,3.9460666350384734,-3.0071935590858976
1.4308190390678224,3.4160431983025443,2.8723773800228543
2.8836897293973793,1.7854202035605446,3.4551991267987052
3.4056510941531997,-0.719962301997997,-0.8447345379682156
3.059844742457704,-0.8951345891586531,4.788778544783529
4.8459850576697505,-3.6224607953751042,1.3766819739477851
3.180122318806456,4.337867294117233,-0.27872047753284157
4.219626200160189,-2.933219565492652,-0.502593719373845
4.858773160823469,-4.225477528850529,-3.7196021304596796
3.3005694166947386,3.230034917333537,4.298144363843049
3.5311832109457875,-3.971675808398988,-2.9580489066417917
2.8918666484139592,-3.7063192163677874,-1.1253262967362412
2.9476259500685504,2.122610336531487,-0.8324600822645145
1.892060457571457,-4.547301447675762,3.752723660856562
4.250686338744856,3.980497611569458,-0.343595549816893
1.133174856672996,-4.0194527582882635,3.6141546337839383
1.4456598407904657,-4.445623623462963,1.7771975167265701
4.2559113531821,-3.5972303243050305,3.8289469844990904
1.8195146979693577,-3.6475106631222856,4.795244998253889
3.7238323249878054,0.17769339652239502,-4.568267207907618
3.7862689430745693,2.4934865118441714,-1.3410695216075998
4.582282997857334,-3.3007957445325973,-0.24721822162026363
0.07921699945287486,-0.6277082207424991,-2.1225985533454397
0.14225261084341057,1.568761950080102,-3.8328603298901296
-0.013862933295555102,2.1157241744532786,4.5663800504693
0.05742017450810355,-3.699325076514338,-2.0973735577032615
3.315294239291937,-2.673588749666418,-1.0423140595910443
0.1508940045047833,-4.9803635461748,-1.5886122086263188
2.628264193136757,-0.14911330378610543,2.6779607623944788
0.984272223880148,3.9460666350384734,-2.7661538926548124
1.1012233683940238,-2.279069857067256,4.520910857128399
3.7296115856826084,-3.5558433136108434,-4.5401460886376785
4.3576418475196395,-3.7739207380619275,2.322198543631421
2.475116615523297,2.5257489631716865,1.4528441736914086
3.564708515518838,-1.9967898809639073,-2.375825252009076
4.2281336581753575,-0.8111573060502302,-0.7261551268858843
4.805214194382854,4.735908872470855,-4.742618693065155
3.094623632338516,0.944861610746905,-0.016176639918782598
1.8897351241759548,-0.2366387301938584,0.7935433443718578
3.6088298009036848,-4.06348669575933,0.22161520401793844
3.3371028014396575,3.0284157547379014,-1.3175292674551065
2.3077064651717265,-3.658814315425384,4.845318451964136
1.4814155255915669,-4.836672524819248,4.738010916045106
3.5383306826195486,-2.465763909839449,3.3672491630074024
0.46427378119808704,4.368683813090936,-3.722566860964067
0.11999230663922944,-0.8015941072592518,-1.892799910808768
1.8646319158503584,-3.2711092765844683,4.793824593517318
0.4594248655705888,4.368683813090936,-3.722566860964067
0.05742017450810355,0.09162674885256727,-1.2298715864332777
0.984272223880148,2.452994817270082,-1.8342266266280882
0.98840410651054,-1.7611339937535764,-1.973754472994429
0.11999230663922944,4.310405128877733,-1.414445242844816
0.9882089062342194,0.463101542788519,-3.003544293483378
0.11999230663922944,4.170966847179301,-0.67644405235656
0.07921699945287486,-2.0413493604780575,-0.0006762890080000972
2.718763396541524,-4.06348669575933,0.22161520401793844
2.6726149064791347,1.2149223613520022,2.00377912255078
4.531557214846746,1.7758090347574012,3.103093771428332
4.198529552062251,3.1715104039565585,-0.5304217654451246
4.719592105945408,4.070232272847871,-1.2130896281402426
1.1443907445611927,3.3287044848262006,3.782460187252216
1.82766007225392,3.694732997455027,1.5474534543258827
4.0359512302994975,2.1290102410787215,3.3979474088958934
4.103150020961701,1.4816284242483562,-4.687568861335283
3.0789113902889174,1.096088535171659,-1.0310484103227124
0.8081986371520609,1.0488694496169568,4.38098289435481
4.26721572972369,4.333697691617161,-2.528126625091669
2.749762334103302,1.4952422525828553,2.3386948070379896
4.584063927942758,3.654449031405589,4.48246902955956
4.341010034988722,-1.7320508335175622,-4.3732310532867125
3.274536778984448,-4.619882480097761,1.2043041312708178
4.7397159980084815,3.7179640990466574,3.4716637641751227
3.8583620722748986,-1.6260911001270397,1.506320130711007
3.742311512403658,-2.3855417134324086,-1.1225322321181186
3.788902678483261,0.4387359926363752,-4.672998958942019
0.12649746757117608,0.5971698205414242,-1.0856135629713517
0.984272223880148,0.7367948667228585,-4.551058308882364
0.11999230663922944,-2.14616467550469,-0.5809571925157666
0.07529592018409215,-2.2689001837442713,-1.780594710657084
1.5417572165048306,-3.077499831778523,1.423332391399751
0.11999230663922944,-3.66876967723212,-1.4009345568886342
0.27161275019387965,1.8286807315228852,3.332242634570793
-0.027102078833365795,3.087153481852896,-1.8838608653929532
0.984272223880148,3.9460666350384734,-1.8544453392436742
0.984272223880148,-3.4016634965590664,-2.973978747803374
0.07921699945287486,-3.389981869810862,-2.1073950451709003
0.8157740734429115,1.6043920258203528,-2.4076820149854186
0.07921699945287486,-1.8099733562322329,-2.119413464676195
0.4594248655705888,-2.303297336096517,-1.451806512783512
0.14225261084341057,4.526912631442119,-3.847065745199729
0.05742017450810355,0.09162674885256727,-1.2109558489711536
0.2836911178871393,-0.6706149126583689,3.329681438370704
0.12649746757117608,-1.9967898809639073,-2.375825252009076
0.07921699945287486,-4.0277943760016965,-3.4103479213573085
0.3104735458722203,0.18123058299555872,-0.005041091426397415
3.337086746348703,1.7751173813988972,-4.578026217925232
2.8743070902931294,-4.491129229025704,-1.3245321385048348
4.031856489660733,1.5405191520067358,1.0826254366343724
2.304273270795745,-2.064254045907875,2.6811249208780996
1.9313681358426606,-1.5232497312585336,4.276367310923954
2.1344083307487614,-0.5551919324137424,1.184427049748205
2.113608185376287,4.888440364070311,1.9947755973293972
1.1451624934986082,-4.921549450000148,4.300718829961816
4.058271807881077,-0.5315611578064674,-4.086374677280611
2.8821788766575898,-0.6346815271169328,2.290542443118513
2.538465676221109,4.036798625075464,2.518184313786672
2.299510570808291,3.3481493669728675,3.3849632825815696
3.7587417905829827,-0.5926262677017089,-4.008087334331401
3.863926228915254,-3.745061402019012,-4.901299000715965
4.261290097135857,3.6073201268479966,-2.446715709503431
4.503857993243841,4.030477542827532,0.7545944112470258
0.11999230663922944,-3.709591359351103,-1.3410695216075998
0.9830525664058669,-0.23542636887154966,-1.926185195721557
1.0761514122819005,-3.23450965722917,3.6196655766707337
0.12649746757117608,3.017393430170724,-3.734440586556651
0.12061027523918799,-4.980865019439276,-2.439398604462517
0.12649746757117608,-3.8553087354956848,-0.6752551223573189
0.9882089062342194,-3.5076396769024996,-4.666874451439986
-0.025517214153567558,2.9539796388013855,-1.0440691060493554
0.9830525664058669,4.582840958874575,-1.7378225311431361
3.333695945088584,-1.5413702961319142,1.5334433121795596
2.2962922759977715,3.521492728006976,0.9301576953717632
4.860827683102144,3.797644469582046,-3.704685586041089
4.808863342369227,-0.5648855810299445,-3.7392636901433796
2.9273141489712353,2.6919076741848533,1.506222011881765
2.625218975293774,-3.0900059089708387,3.126407096019637
3.0573864511544606,-2.786364137666265,2.3309220267511837
3.7934694557643116,2.2763161563299796,-4.355069135722223
3.5720079193716145,-1.572310532549702,-3.548762314202688
3.2757779515893795,-1.1729858313320585,-0.2780025456929387
3.293885847148019,-0.20956661832044343,2.6639047450562634
4.343516953294483,2.0693909567217776,-1.5185336855356866
2.928377032874696,1.116332618284666,0.7638419945276196
4.8578412641423,-0.4803444008155555,3.9684578978996203
1.514005991598526,-1.7510486970204076,4.042459425474309
4.071995301548407,-1.1338051838336227,1.0061972264870462
4.521640005733863,-4.859765644593254,1.3375205592966903
1.183095518249015,3.668433022300361,0.6418592337666604
4.193417809184526,-2.691103601873847,-0.6027469833934962
4.091420493650062,2.543897723755193,0.3920991262821163
4.285982000991703,2.0570537010606422,0.5663893367829562
3.860871940037537,-1.4855595436069202,-3.0088982609406925
2.6981024421576327,-4.570804135205084,2.252034269831239
1.1452379392235947,-0.3337337585694158,4.847622494985032
4.845584405758784,4.926728089247387,0.046997668686072025
2.871723112876806,2.9334525110330736,3.4435285637509683
2.2602702341459633,-3.535339604037593,2.193435760806466
2.250982641981521,-1.6614676712934076,0.35223690933427854
1.9241446216707558,-3.8102666282698516,-3.734440586556651
0.07921699945287486,4.758699375629137,-1.314231302347241
0.05742017450810355,-3.3999910441718475,-3.2433427561710957
-0.024356153949325332,3.087153481852896,-0.337839996366748
-0.027102078833365795,1.8693480420986344,-0.2941212050111428
-0.027102078833365795,-3.077499831778523,-1.926185195721557
0.07921699945287486,-0.0072298903666192516,-0.5922908743996205
-0.025517214153567558,-3.9705817389743103,-0.6299807906007988
3.0462742074383247,-2.8263782469731593,2.024924845149857
1.5218859512217806,1.2740309449539664,1.5474534543258827
0.12649746757117608,-1.6552019509956795,-3.757290380278353
-0.025517214153567558,-3.077499831778523,-0.016176639918782598
3.5049743379881697,-4.331543895610511,3.3746376161797738
4.255758454828214,-0.592689011366188,-3.6967788986146277
4.816510191413229,-0.4725543727881405,2.866478291984265
1.1890882429404916,-2.421742314436559,1.921391356916967
4.584282581522023,-1.2424218939260556,2.4355491571759957
4.0048064036444835,-1.9408768156133216,1.8036011367461082
3.7667117820808826,-1.4290948761630484,-3.512050638689593
1.518383854267813,-1.6096038551168168,4.112802489011017
4.21019088072452,-3.809479674907527,-0.3777856283481018
4.03240395956238,-1.8343028567625108,-0.8541793906071238
1.8622879824439806,-1.016076260211316,-0.6495538474230509
2.0982746592512918,-4.6137562277774355,-0.36428558260091215
0.12649746757117608,0.48953462346944043,-2.402531252856167
3.5237655621985375,-2.4701988727981163,1.4946680795474627
3.1714183682545887,0.07079923284136402,2.9182103950415383
3.56338077481643,4.49679433461765,1.9730801926434092
-0.04747164977128193,-2.40781874349263,-1.7316931513362488
0.9882089062342194,-1.1779410230077114,-0.30435442897354115
0.07921699945287486,4.070232272847871,-1.2130896281402426
0.07921699945287486,-2.40781874349263,-0.46424956829162056
1.551284657076211,1.7544751567801988,4.0853515091979915
0.11999230663922944,1.8481854702169649,-1.913826626722912
0.07921699945287486,-3.0042178925958716,-2.0973735577032615
4.048333887665255,-0.9049407999695145,-0.029444823733655312
3.7147558025291474,2.931165061106352,2.7346941688312274
1.8498263932969934,1.7157242622178241,0.6056684143933229
3.1349846188236334,3.2489102467611612,-3.809388706680311
4.77708699642066,-2.5026840288605854,2.8470538523053754
2.685525867272986,2.417405289176399,4.232511863680719
2.698283155240685,2.7263450322765497,4.452364490287909
4.024403851241614,2.363236674968543,-1.0966748386963152
4.071010198079577,-2.8289258770216597,-0.21642255481406725
4.055198381447754,-4.6913051716311465,2.4871829415936633
3.336720591490611,-4.220346945201356,0.9307987184259128
2.117599737537514,4.528944499664036,2.9626903534275604
2.224100708603576,3.399299050716259,4.265418496460541
2.682062144511584,4.656205013674262,4.245873948718909
4.32108935741123,-3.6383778104763764,-1.1088810675072303
3.863328333391406,2.1077015076922168,4.198518238161485
4.788735691014514,-2.8575084816641763,1.609832285864858
2.63581247648367,3.8495107558871204,-1.4757467647849754
0.07921699945287486,4.142565755488135,-0.13670911792149454
0.07921699945287486,-1.8099733562322329,-0.5626999420648291
0.1508940045047833,-0.8111573060502302,-0.7261551268858843
-0.027102078833365795,-3.077499831778523,-0.009213537025121177
0.984272223880148,1.8693480420986344,-0.9927718653432791
-0.024356153949325332,4.170966847179301,-0.67644405235656
0.057765194576972156,1.249912353083733,-0.8781120273332359
1.5203854317046241,0.4539653880910475,4.716264699966308
-0.567036293338921,4.310405128877733,-1.8495917730123033
0.07921699945287486,-0.6277082207424991,-0.8788817058826837
0.1508940045047833,-4.9803635461748,-0.7535088406866031
0.07529592018409215,-2.2689001837442713,-0.0006762890080000972
0.11272893634261827,-3.5076396769024996,-3.559806130412815
0.11999230663922944,-0.23542636887154966,-1.926185195721557
2.740393952475295,-0.4480347131922038,-1.3221676518394077
4.028375560495828,1.4798080019887774,0.20081809446523202
3.5607713657192726,0.3674083695671415,-3.000659176187427
3.5106424201049844,-0.936390697944355,0.31384689673800903
4.5897864587585975,-4.560114167568408,3.544705335499234
4.065889976190109,0.3047774094369595,-2.7322698415231295
1.5537385061085889,1.7058709434022905,4.750440835227877
2.218680402449161,4.565606647880612,0.24132377025773089
4.221605677093347,0.750272298950156,-3.4168124925104992
1.8742474688153816,-0.2404140890317139,4.158830971646029
3.8389985120325925,-0.6105743996650395,4.52381344560583
3.5801717886139546,2.7352217658806355,2.6219351407906526
4.283889378937989,1.40003400584723,-1.0440957891216684
4.092458893957877,1.726252098714359,-1.2204312431118858
2.9435061032890744,-3.3468657188766624,4.888918245275919
3.1064504221617444,3.7813842555781907,2.0634193282811513
4.246467909046407,1.8151029182590577,0.6005667891071544
4.013393686676386,2.287118963224665,-1.2212255145565987
4.57896889844614,2.941649722243821,0.13023351691876428
2.5157293923752375,3.0794162821780393,4.6463585502455
2.892055296276544,1.6348713895559221,-0.2576648458475699
0.07921699945287486,-2.40781874349263,-1.2109558489711536
2.9373692231617268,0.164536256679777,-1.9850758164975524
0.28941120560532063,-3.6938301013996435,4.448663739330584
-0.07928198506441575,-2.933219565492652,-0.502593719373845
0.3104735458722203,-2.224634670199853,-1.1165404489472075
0.11999230663922944,-0.6706149126583689,-1.4248883266955858
-0.027102078833365795,3.087153481852896,-1.746686702310396
-0.025517214153567558,-2.9065962955180846,-0.9829103316226204
3.754912036118535,1.127242730025114,-0.9210257181962191
2.738622320814393,3.7366694145898514,1.1039473318765811
2.5417749538487886,-0.9750351961414179,0.08452734185824617
1.8142158425146704,4.235830855347546,-0.5639542542621374
2.1288488223395827,2.250114457205868,-0.4799704945864267
4.589279527617364,-4.267028154511824,2.719214968142265
4.58391083098698,1.592352265574542,-1.4385593750850099
2.4470411874669216,1.389000823018688,4.46660940653673
0.8146988055612345,2.373913177847216,2.2665904891022395
0.6419415183377266,4.686047553007009,3.3847774697704516
1.0666799726015261,2.4130134916933477,3.421348515900192
3.3124273466105993,-2.6451339444228514,-0.8210882665471919
1.898072832229091,1.63493307448298,4.1244146964995245
2.96332344051989,-4.1416939019015295,1.0914132985747136
4.7777870862114185,3.77927779128213,3.8803021908946675
2.852786815703684,-4.1857769771335445,0.7957384297349126
4.607839774140013,-3.4569373720741883,0.4228187041384901
2.6624565703808276,-4.452501405605083,3.893451441831324
4.100749350521454,-0.05103205173693759,4.569884611390341
4.105130470417578,4.927646784175121,1.48540608117671
4.8588610417166365,3.938735538298827,-4.8091027098744865
3.1188620971460495,-0.04646116543178369,1.100303710547621
0.984272223880148,1.8693480420986344,-0.2941212050111428
-0.027102078833365795,3.087153481852896,-0.021453836656100123
2.3099362993842902,1.7304105421662195,-0.0006762890080000972
-0.024356153949325332,-2.2689001837442713,-0.0006762890080000972
0.12649746757117608,0.7388552689234738,-3.745308164011023
2.531191973650011,3.1802392028521798,4.109041639859097
0.9882089062342194,1.127242730025114,-0.9210257181962191
1.1592309211953333,-1.3850628167245702,2.5257128803996656
0.9882089062342194,-3.5076396769024996,-3.011307484261737
0.9882089062342194,-3.4676306573573825,-0.34768247066409774
-0.027102078833365795,-2.492801204980416,-0.6752551223573189
0.07921699945287486,-0.9912626762887911,-2.127881242128884
0.9882089062342194,-3.5076396769024996,-0.9829103316226204
1.1534733967347144,4.159760290513123,2.3426154940712838
0.9882089062342194,-3.3111037904509444,-0.3052097144007426
0.46620201276720064,-1.5962070923453275,-2.483404158476763
0.07921699945287486,4.070232272847871,-2.0976708576494687
1.8686824362857424,-4.286090198931015,3.2050579171059095
1.1314873202065803,-0.5239890639865763,3.7010259507560566
4.608797759800028,0.5678825724387,-3.29568414001867
4.824299508335809,-3.0597178770522904,-4.26632763502492
2.4657836773344846,2.5692063050952587,3.824744978784455
0.26468124716970287,-3.4661750197321495,4.560966316810433
4.0898829555429455,1.6266345076249857,-1.4891577458605418
4.753106904991387,-1.7803597436758234,-4.812741920813664
0.07120755807331847,-3.6932350545762382,-0.5356023510510024
2.508080117323125,1.6528844832263534,1.499720185148126
4.822197687090441,1.0519052325152236,0.7959118080116507
0.8245118603021586,2.642605668869585,3.5174941897680316
3.3588804898397626,2.200279073325035,1.1734976584096755
3.62888700434293,0.8335171508607866,-0.8361550882530828
4.5724789700049335,-1.8410518163500331,-4.567795887841919
2.0899027495300047,4.8128132888158905,-0.21819302034585064
3.729762278118656,0.27934323288767526,-2.7242647902550043
3.611514644654717,0.5950344359928845,-0.9355716584736147
4.876386080615877,-0.6281351385219516,0.2404354544994618
3.0798651426766632,-0.41663567935629775,-0.019443751719925295
2.8606779178390678,-1.4273023999750025,4.0853515091979915
-0.024356153949325332,4.030486125616678,-0.005185269739950371
0.98840410651054,-1.7611339937535764,-0.337839996366748
0.05742017450810355,-3.3999910441718475,-0.13338415819314875
-0.025517214153567558,-4.679207111043851,-0.1887067945380716
0.3104735458722203,-2.4661971981129183,-0.009213537025121177
0.12061027523918799,1.6266345076249857,-1.4891577458605418
2.6455513538090134,1.7368932656350067,-1.1350371083645072
0.98840410651054,-0.10635010326869221,-1.0667632149206985
-0.027102078833365795,-1.1779410230077114,-0.30435442897354115
2.106516070010507,-2.944866336515015,-0.4799704945864267
0.07921699945287486,4.582840958874575,-1.7378225311431361
0.11272893634261827,-3.114223965005322,-1.8495917730123033
1.5481359712036653,-4.713317251589791,-3.813888896790539
0.07921699945287486,-2.40781874349263,-1.7968067417796876
0.11999230663922944,3.135265794850003,-0.0006762890080000972
0.9882089062342194,-3.5076396769024996,-1.973754472994429
0.11272893634261827,-1.8099733562322329,-0.5626999420648291
0.04356203391339619,4.758699375629137,-0.8420635381801658
2.5096268503005312,1.6974260389360438,0.6973310978023655
4.3170619711076075,3.50953676154397,0.3126820182143133
3.0869416566471877,4.698422658096458,1.5275770846943102
0.8159080983120672,-1.7965672621866724,4.431026176615607
3.3069560564369986,4.121129673057014,-0.4888878504332119
2.689114002510749,3.820307413323121,3.592558426275316
4.791636935830425,-1.2885425111392945,-3.583572623547159
2.911227085175378,-2.701308461609888,3.816649347234449
4.576914548990427,2.047383065909571,0.5465927906623005
4.013475227804943,1.9268129929271183,-4.36877537596683
1.1718682267104548,0.8950258222332739,3.659375390501541
2.2093079222463423,-1.8869246862556355,3.9597759368857837
3.7832772396231302,-1.8313260079245106,-2.738822520810753
2.286668944289641,-2.8263782469731593,2.024924845149857
0.11272893634261827,-4.624825844688009,-4.562388941126918
0.12061027523918799,4.225642228211775,-3.4799948257044444
0.12649746757117608,2.9146618849038965,-3.6893530949644147
-0.025517214153567558,4.170966847179301,-0.24672565795405443
0.9882089062342194,-0.9959230845122597,-0.27263196759465913
-0.025517214153567558,-1.8097826103820767,-0.6666354877963592
2.1392470615033456,-1.6096038551168168,4.112802489011017
0.05742017450810355,-3.250483405350794,-0.8295394805037688
0.0856320477511332,-3.4569507645045072,-0.8781120273332359
1.1201882349078165,2.667085112046392,4.468544839932111
2.4548833349322283,4.932588206657407,4.4054573310772955
0.984272223880148,-3.077499831778523,-1.892799910808768
0.12061027523918799,-4.9803635461748,-1.92839231514905
3.861247539116654,2.2421826405691005,-1.8944260171177363
4.298917000847119,3.956852544625024,0.565323986097793
1.091010267288313,-3.7637722655951933,4.361336097178494
2.743422307024735,-1.2217976371813952,2.874643639224205
4.794019988708984,-0.6870604911974212,-0.4519669469094145
2.44671468853835,4.897170318288206,0.01497960599127346
3.843133303846235,4.147396257609078,4.005224057861355
3.715780993354109,-0.4685012088480569,2.52996324433827
4.546207702046951,2.0426934607520097,-2.852839534721804
4.079702458903636,1.7769798770538987,-3.855049290676693
3.2965113951867746,0.7922449273100876,-2.948309774802158
2.21757392600614,2.8095089137398057,0.5818116108783755
3.5287763285325884,3.9865810282809946,3.2019621432496415
4.819060266748821,3.462514756384506,2.4529761013456755
4.504009496669262,-4.60516951093407,-1.8050200745186396
0.984272223880148,3.9460666350384734,-1.8106413108257593
0.47676451145401444,2.7735641215251174,-0.029444823733655312
2.7411306278521774,3.6945167975044075,0.9750602792271312
-0.025517214153567558,-3.077499831778523,-0.9490211284094299
0.2865647803553317,-3.5076396769024996,-1.0511773746319952
0.3104735458722203,-3.6383778104763764,-1.1088810675072303
-0.025517214153567558,0.7388552689234738,-0.7261551268858843
1.1677835700165762,2.1152475862847178,-3.704685586041089
0.4594248655705888,-1.018429870659551,-0.67644405235656
0.47676451145401444,0.5608984266422716,-2.5269872753801725
1.8271681192421934,-0.36506575321907686,0.1984914830318374
3.7707769113471983,1.8763542665494892,4.790204588864148
4.8191957673886705,1.8079937262433372,-1.7453592124809605
3.3650464679173346,-4.220822269341225,0.7455349227671917
4.032416450537017,3.19778090680472,-3.2444667216896637
4.0611228100012315,0.5136410837921961,-2.1701165751552187
2.520137185231577,1.7605082546804551,3.8886091787970862
4.294710472328552,1.8630211842339337,-0.8059065989642971
3.6005887237931216,2.606819614187125,-2.825860319884627
3.7340431535327525,2.159441055116151,-3.074534580083861
4.19704319931996,-4.28587845667148,-2.623772436705043
3.360349733806604,-1.4325261073378872,0.4516621601253963
4.089425820510549,4.532292266888705,3.50941177458483
3.382389698716606,0.3597429130473113,-2.537836705185166
2.5380323660035504,-1.5577667398660178,-1.8721904581970747
4.792302185794682,4.915679115449819,-0.3291401414600559
4.508355789445146,-1.6391939937114266,0.11429315105493831
3.735594361041384,-4.545612105845355,-0.8344364091358027
2.640565010222632,1.1084955256988627,3.734530964459905
2.6288027764954762,2.8798461605332895,4.5549235838952224
4.7109268293920366,2.265173489998185,-2.7165304592376116
4.793910592301048,1.2264408615094435,3.2882805185413453
2.4956123206839145,1.281430512581614,4.209771511207265
2.2106363726980387,-4.9803635461748,3.782460187252216
-0.025517214153567558,-3.4676306573573825,-0.34768247066409774
0.9830525664058669,-3.114223965005322,-1.8495917730123033
0.07921699945287486,-0.6277082207424991,-0.8781120273332359
-0.024356153949325332,4.170966847179301,-0.24672565795405443
0.47676451145401444,-0.00047227987818398987,-1.525106283867589
0.12061027523918799,2.9102163024266536,-2.2791040898178427
0.984272223880148,3.938735538298827,-4.8091027098744865
0.984272223880148,3.9460666350384734,-4.5657595601618395
2.284956805561535,4.565606647880612,0.24132377025773089
1.1765569430123897,-0.2987694588205052,-3.734440586556651
-0.025517214153567558,2.9334525110330736,-1.0973529540041902
0.07921699945287486,0.9071733575148055,-1.702649207557391
2.2622245359733757,2.7352473019746526,1.9871792646592557
4.216247552428035,-2.0885078847517113,-2.9116052003542094
3.5910440462660844,1.1683095532501566,-0.21610278179873177
2.6944577010943727,-3.4841213445459984,4.590960679444347
1.1448164910997143,0.6083673421738975,2.2013642307249928
3.8429312798192186,-0.12070002396858825,-3.177606291678968
4.7048460198924715,-0.9720925966372898,4.678814215153322
4.044843959949505,-3.264400142444078,2.1373522059557217
1.0686631166459186,-1.2865440934364392,4.515493866615184
3.8230996776772734,-3.4461663993348077,-1.766077470593379
3.1069546433857322,1.405321751512644,1.921343036625931
4.594267512302432,-2.6121212856043807,-2.88287826544663
4.331102556559756,2.167559194199126,-2.293792733522638
2.7466881365196567,3.1345926614271704,2.241520599086396
2.682166824234117,-1.9053556525280313,4.369008900130023
4.811380408096538,-0.4591380664619429,-3.3830881189306137
3.358734836846569,-2.9703221511676237,-4.749980424660425
3.989075403021957,4.276067431700053,-2.2088610249728013
4.865210305491907,-1.625018345971517,3.844098525510221
0.07921699945287486,-0.9504996918511823,-0.502593719373845
0.07921699945287486,1.1269240482681706,-1.7545529066277235
0.9830525664058669,-0.23542636887154966,-2.759698011618721
0.12061027523918799,-0.10635010326869221,-1.0667632149206985
0.47624989359206893,-2.421742314436559,-0.7201440874034475
0.07921699945287486,4.070232272847871,-0.9239722648440774
-0.024356153949325332,0.04700608095894321,-1.1253262967362412
0.984272223880148,3.9460666350384734,-4.7093053161465175
-0.025517214153567558,-0.7833406515029075,-0.20336562096636257
0.0856320477511332,-4.0277943760016965,-1.7968067417796876
1.8439991149866133,-2.9507785421936616,2.9550271029866515
2.45394498141013,-2.9164982479619384,1.4715572747561119
2.6711627662565487,-2.9961262724342665,4.799371248379529
4.025174229152919,0.6614198136541347,-3.1389723013994075
4.852834655518434,1.8375098781489738,-2.8630511494478075
1.8356233448368169,-3.828229574327656,0.3940452409629991
3.366080630978047,2.87956124413605,-0.3327823505418017
3.721076412200473,4.852718636624573,0.4572067933820687
3.5886158678396853,3.1336580692818856,4.734089083447252
2.3085488169008386,1.1787132880358362,3.6547324746794594
2.887153762583843,-2.587455895560611,1.5896053716097471
2.635443196743468,-1.50114680532762,0.12119274974620353
4.862133805277395,3.9580611421971117,-3.30419049261642
0.642671149535663,-0.6614979288107401,4.039519713377619
0.9830525664058669,-0.23542636887154966,-1.8250428635835991
-0.024356153949325332,-3.114223965005322,-0.2127001378700104
0.07921699945287486,-0.6343722831885676,-0.9210257181962191
1.923601216234089,0.7608147787633364,-3.813888896790539
0.05742017450810355,2.6698420888859955,-0.07661203775288694
0.03377609636553114,-2.4661971981129183,-0.016176639918782598
0.11272893634261827,2.837511560263609,-3.4433288867845633
0.9882089062342194,-3.5076396769024996,-1.8418975928734547
0.2606204934912899,0.9974034447209865,3.329681438370704
0.11999230663922944,0.9664965235704841,-1.3795445360218839
1.890948084655899,2.0553132682515205,2.884848372347136
2.1123631071783997,-1.3390092376766702,0.1778786631756022
4.77371329376451,0.6795943054080009,1.476240928495793
3.532627501090303,-2.1230586812175414,0.7023453489221332
3.5965789244143185,-3.040865602230758,3.8261780022404395
4.31522593455289,-2.961594496561053,-1.2792479071321852
4.029954532296772,0.35495264818354677,3.13841819832772
3.597864949188814,4.372087309708922,2.7952447406061944
2.4511255822627724,0.09323685194107512,4.295851396493315
3.7640799603512836,4.586080532437929,1.8268845430588687
2.1183080350937864,1.7666793126681721,4.260523909062863
2.6250152905438737,-1.649218978803738,1.7655934547784469
3.5991895112402794,-4.864966501307903,-0.49801221301025933
4.612749237674272,-1.2122994100684514,-1.162216155325905
4.788942583484925,-0.07717958852807882,0.9482915843781923
2.5058668523482677,-3.1819547799212478,-2.9531541419260754
4.731791631617648,-2.245799361958732,2.090932419995653
1.9155745313836796,-2.6623082635450155,-0.6665922440876972
3.3586860700181393,-1.7224061601158427,4.195687275112581
1.8711107592768226,-2.6243473424570904,4.268070718362614
2.947058969317525,2.217405133208768,-2.1382660180752247
4.851030164834087,3.9158441175292626,3.4361255185010524
3.5825338507998,4.782524949830698,3.890453100169273
4.01417597597051,2.4311953524711534,0.3818682832016185
-0.025517214153567558,-3.077499831778523,-0.021453836656100123
0.025175351476462104,1.7304105421662195,-0.0006762890080000972
0.11272893634261827,2.452994817270082,-4.532723385029729
0.984272223880148,-3.077499831778523,-1.0667632149206985
2.2493108954096908,0.5608984266422716,-0.7535088406866031
0.8123541370207086,-1.6552019509956795,-3.757290380278353
0.984272223880148,-1.1779410230077114,-0.30435442897354115
0.11999230663922944,-3.66876967723212,-2.439398604462517
3.149624617820857,1.3826849746831122,-1.049031311100268
-0.027102078833365795,-0.9049407999695145,-0.029444823733655312
0.9882089062342194,0.09162674885256727,-1.0423140595910443
0.6283729463955616,4.223224808528965,4.166501120809325
0.11999230663922944,-4.9803635461748,-3.5913248635850725
0.12061027523918799,-4.9803635461748,-3.484979511960462
1.0688647945681327,-2.1240659700064555,4.5663800504693
2.0896267222558738,-2.4823216528656014,1.8897890755799498
1.1638091141512987,3.0616316295340837,2.5164040408129047
-0.04747164977128193,0.18123058299555872,-1.0154180345095987
0.98840410651054,-0.10635010326869221,-2.8731990871139335
1.1718682267104548,4.010669934228137,-3.722566860964067
2.3225285146898997,-2.279069857067256,4.520910857128399
3.572131834325255,-4.108327201015184,0.9097271302536303
3.0641186851322164,-4.029614464106035,-3.1030709570745163
2.2297891393643807,-0.8839207842083061,2.1751797877801593
3.170529913720017,-0.10965938392395813,1.2691102202288782
2.299034328487597,2.416016878078203,3.3027657205196235
4.2146392976493825,0.28961218836342706,-3.339688437593622
4.258428922697261,-4.050833700696401,-1.2371215510820202
1.1255646463676268,-3.9733216997961684,1.856552172240745
4.839597977023439,1.4423061979725436,-1.9821729220457818
2.955326873765012,4.133589083347406,0.23145093842090247
3.3956627687924055,-2.0487749556713455,0.7767383093683744
2.875679615951885,3.141276777934447,-1.1926632162245223
0.6303307697127556,0.47364424072510847,3.278391430716125
4.242288145992861,-3.459722101857381,-2.3705004406575703
1.813500173093436,-0.6145516432171041,4.514964243912763
4.208195794037193,2.789972024233175,4.751665793103911
4.555589592364321,-2.7997984162587084,-0.8294703221726234
3.1715514334138106,-1.860684379628764,3.988051357771411
2.8814213849836365,-2.700141618727648,1.4501431302308818
3.7804429171307987,1.3155338257529188,-4.172113699832666
4.571096187131074,-4.661200420183066,4.528383673501068
0.0856320477511332,4.310405128877733,-3.4103479213573085
0.11272893634261827,-3.5076396769024996,-1.8106413108257593
0.984272223880148,-1.1116723940388473,-4.666874451439986
1.1579230564600493,2.3855361482032738,1.609832285864858
0.11272893634261827,1.7304105421662195,-0.0006762890080000972
0.984272223880148,-3.077499831778523,-2.948309774802158
0.8105068348168141,4.05651530523485,-2.4650332519592943
0.984272223880148,3.9460666350384734,-4.567795887841919
0.9882089062342194,-3.5076396769024996,-3.004806967299505
2.5438880749440766,-1.4746743119493821,4.978842782249023
0.984272223880148,1.8693480420986344,-1.926185195721557
0.46620201276720064,-1.5962070923453275,-3.757290380278353
0.984272223880148,3.9460666350384734,-1.8152366061743352
0.11999230663922944,-3.099504963833102,-0.6299807906007988
0.9830525664058669,-2.0885078847517113,-2.9116052003542094
0.29797660908608137,3.2645597021702297,-0.2854627602806179
3.8325344928503267,3.2140465451564104,1.8834556877820745
3.7289786990562437,-2.163417956192343,3.2542837535602924
1.8189382095425453,-4.2574026892454935,2.811655720182541
2.669447194048491,-2.0941187705314137,-0.8167146014171376
3.131987862868103,2.324418717053182,-0.470888042649257
4.530934576251637,3.2039242051803836,3.5034667838870455
1.5024931476857404,3.0974899164410807,3.3315269803440284
1.8340374242340207,0.9961988284070431,0.7474329001441422
2.336395507670427,-2.027323225498787,0.6750205243287466
3.288202956647325,1.1766312109964616,-1.4913525940850034
2.3064200386393363,1.5224366246545138,4.836991005604036
2.0852018561108228,2.8274609678923737,0.3722153750938162
0.984272223880148,3.9460666350384734,-4.435930924994355
0.12061027523918799,2.9102163024266536,-4.578026217925232
0.11272893634261827,-0.3543925112583244,-0.596807924144068
1.5276735045695045,-1.062668321305539,-3.734440586556651
0.12061027523918799,-4.9803635461748,-0.6276231786067923
0.05742017450810355,-0.6614979288107401,-3.3677690051057674
-0.025517214153567558,0.6815254294910513,-0.25133494601154194
0.12649746757117608,-3.5076396769024996,-1.0511773746319952
0.07921699945287486,1.195867393685738,-0.8294703221726234
1.5440055804228523,-4.592625453931599,3.7276311793879096
3.7443056098694125,1.2370439415474888,-1.70349519491897
3.4002182501545803,-4.841112296085136,1.9563930909658502
2.29643231420273,2.525116892364009,0.9216371824688521
3.330288830060015,-3.2294588037910943,-1.6000490493120334
3.5915524509952803,-4.711245707163253,4.5330536671751265
4.057420716197139,4.706665086142426,-2.373086735358363
1.462381285539026,-1.3981503170532807,4.753691589932361
4.034539573585725,-2.404974638448577,1.1685025414666752
2.9026088873269584,1.8063822814470694,2.951132667660568
3.5521279181343672,4.092890941157144,-3.055841619863975
2.665984865308257,0.29782526965755984,-0.07186181659214697
2.709581756060418,-4.207257506640766,2.215126461539457
2.1227925297788195,-0.35625385503775586,2.220639336485389
4.2716800490143925,-4.754939635405418,-0.5920463977217816
3.5291609297946493,0.039184069530478816,4.499060752342395
4.860475691628723,-3.5661678877787875,-0.6625609970012452
2.5027518792693666,-4.538067897340209,3.252894594366113
4.296757108944089,-1.21763079195674,0.06800798122858076
3.3823730705836272,2.29003540799577,1.2905842719069724
3.107284650973984,3.20499628872043,-0.22077368822474153
3.355704128406556,-2.7465659370142372,1.4087911954540813
