3.7639115229603837,-30.0,76342.09704742832
3.0000000000000004e-05,0.0,99999.0
2.501463149449675,-30.0,82207.49320605582
2.5081410313615553,-30.0,82149.90495406966
4.0338152056225365,-20.0,63770.13011748924
3.8594409931077456,-30.0,75393.43930795313
4.230265355464832,-30.0,74526.13265350969
4.248099703993507,-30.0,74193.68769361354
4.319740691968372,-30.0,73360.99185836081
1.1678035700165763,-20.0,80795.31053741675
3.2884780798069295,-30.0,78865.55692344079
3.5831583642904237,-20.0,65909.63945413384
3.5489994269740235,-20.0,66419.885909073
2.70885910501888,-20.0,70801.40035810246
3.118606977205398,-20.0,68568.59485704836
1.5130633234099102,-20.0,78482.14278576613
1.9094414206616852,-20.0,75758.04529318241
2.6621338107577044,-20.0,71598.02239641148
2.469404956075251,-30.0,82618.67164771263
2.7387634272041863,-20.0,70594.29358127667
4.511957854902045,-20.0,61726.394356044795
4.092952045442544,-20.0,63233.92405032119
1.902298681627479,-20.0,75832.61853200196
4.318631166365405,-30.0,73367.73768561047
4.202085143056603,-30.0,75152.36948291633
1.0709616197246046,-20.0,83011.5377992673
4.759910683309048,-30.0,72121.01968262185
1.4915619711247787,-20.0,78861.66927476623
2.473228103319232,-30.0,82557.92098786465
3.348560476317986,-30.0,77873.77470701908
4.760455504677475,-30.0,72112.00657022616
2.2932091936112338,-20.0,73359.15788287137
2.5430795057629867,-30.0,82005.91073265992
2.4893037524583645,-30.0,82337.19282645761
3.3527360248996585,-30.0,77830.05404658646
4.857108237131877,-30.0,71174.98012198698
2.229171935562137,-20.0,74735.27517694763
4.873281748084265,-30.0,71146.69133249875
4.339046083148878,-30.0,73274.51523256203
1.1321321154425972,-20.0,81254.31192354685
3.7736247469481254,-30.0,76173.67697869426
2.667765872371022,-20.0,71471.29484343452
3.3797996204772938,-30.0,77626.09011884335
2.9458035118475214,-30.0,79807.82454428585
4.824929449748952,-30.0,71340.5662328445
3.574864990835967,-20.0,66009.10816039912
2.9285767797688758,-30.0,79907.81015075675
3.082800137053801,-20.0,69273.40419054547
1.923621216234089,-20.0,75654.95185141056
4.865747795868813,-30.0,71155.31485638583
4.247061815360279,-30.0,74211.67253394426
2.4700682902994515,-30.0,82607.90366177591
4.794853541798062,-30.0,71627.4565734676
4.507554280610021,-20.0,61809.26839705195
0.0006962890080000972,-10.0,86272.94336385286
3.125093041746717,-20.0,68474.85668067874
2.7447926601507957,-20.0,70581.01310381945
2.517097209192669,-30.0,82087.83990171527
0.797064327595748,-40.0,89566.43068953641
3.7307014844709956,-30.0,77040.48111277011
4.517776930338517,-20.0,61622.51327393195
3.7268816491946195,-30.0,77132.92938088428
3.8177262308280726,-30.0,75613.87875768344
1.1570628720394875,-20.0,80889.63277781368
4.289514618931156,-30.0,73613.9263023535
2.530726558694549,-30.0,82026.69208600512
1.816473376026229,-20.0,77918.0828681046
4.041049859138049,-20.0,63665.78395923447
4.299576236533177,-30.0,73513.77751115109
4.108081390867584,-20.0,63211.841228843994
4.742146278950912,-30.0,72437.67135905345
4.247428135383716,-30.0,74205.30557977736
3.805405975643267,-30.0,75736.42852953398
4.825917893050853,-30.0,71333.30635329733
4.786748051583469,-30.0,71726.6254412766
1.1311433536701232,-20.0,81272.9769106051
4.795921743594251,-30.0,71615.07879912818
2.679648782813116,-20.0,71231.57574582499
2.6500714829814296,-20.0,71897.84394161715
3.846838943092945,-30.0,75428.44541092627
2.9656058753671104,-30.0,79766.85376772449
4.281110785007261,-30.0,73709.7792538459
4.519371675679249,-20.0,61595.161092674265
4.332043381866816,-30.0,73299.1353117589
4.573969263266687,-20.0,60945.40833681224
4.536790184739218,-20.0,61327.55263674373
4.225064972603933,-30.0,74632.41496088519
1.4494367251221183,-20.0,80025.17251485115
4.351551155423886,-30.0,73249.6023564306
4.071110552203706,-20.0,63348.20861779876
2.651859567335081,-20.0,71850.95253731418
4.498483888800873,-20.0,61991.58459565979
3.7866297631581114,-30.0,75973.66160415988
3.5616123798737176,-20.0,66200.5086934485
1.924164621670756,-20.0,75652.18937042812
2.1393003226696132,-30.0,84273.84029951831
1.1355202656013548,-20.0,81192.78476866482
3.3015852616229937,-30.0,78591.43636417053
2.1074156989958635,-30.0,84398.63029357755
4.735208608362935,-30.0,72573.30459242438
4.344474925295845,-30.0,73260.70334934989
4.327659079648582,-30.0,73318.45755172533
3.6284098057861565,-20.0,65640.49372264135
4.2004740540971355,-30.0,75191.89205615687
4.553919892571745,-20.0,61119.678788154604
1.538421991962549,-20.0,78220.65978148748
3.0841335660614186,-20.0,69241.45259032992
4.007851147069159,-20.0,64234.57150756566
4.778823933599657,-30.0,71832.53097960918
4.542025074295889,-20.0,61258.23007739623
2.2336304439430616,-20.0,74601.92380173528
0.8098607267501954,-20.0,83378.88835079092
3.1329584532505566,-20.0,68375.08887865089
4.0881003230005675,-20.0,63250.88419168835
4.810817572402971,-30.0,71459.26481720369
2.880515511723071,-30.0,80504.52476197852
4.052047659330404,-20.0,63527.95855813865
4.824801185020439,-30.0,71341.51842519961
3.0711190166610605,-20.0,69572.24236240007
3.1675596437676683,-20.0,68116.4996249261
3.75390738450687,-30.0,76532.54509333224
2.697273449571857,-20.0,70945.0038735281
2.6885484828775796,-20.0,71076.5827633105
3.5730233345123077,-20.0,66033.31528054239
4.2572253533626,-30.0,74042.81696792429
3.719876311909185,-30.0,77308.94870610735
2.7494737999774577,-20.0,70577.27577101049
4.199555770148587,-30.0,75214.59849849914
3.80221977218583,-30.0,75772.39233334122
2.533820731255857,-30.0,82018.39891345258
2.5387107162121296,-30.0,82009.50229390981
1.5453953462283154,-20.0,78184.01938030877
2.271031884036769,-20.0,73704.65429616925
4.0207800152484445,-20.0,63985.66164081561
3.2957571845814906,-30.0,78709.3530496466
3.5406179493431447,-20.0,66585.81407808636
2.4483587303249275,-30.0,83009.87484815536
2.664941446562297,-20.0,71533.7928614704
2.7136450720146197,-20.0,70752.42356366468
4.257061086902308,-30.0,74045.41742521664
3.613544744830288,-20.0,65678.07891847506
3.5774061451144066,-20.0,65976.97166406331
2.0845279151537275,-30.0,84632.60961643401
1.5273320090095472,-20.0,78310.24739102452
2.5225860480409317,-30.0,82058.38464918661
4.295523765123406,-30.0,73552.19859275354
3.8248817290237147,-30.0,75554.74501756324
4.707440095213945,-30.0,73183.1263826752
3.3840490637897913,-30.0,77606.54390389535
4.871850820663743,-30.0,71147.7193631566
3.5195664480429825,-20.0,67073.85159969747
2.9009752114589995,-30.0,80193.26497501867
4.292751821403968,-30.0,73579.96700528548
2.647281968454176,-20.0,71972.69892525543
3.59375328300857,-20.0,65805.2350826523
2.6453294041047357,-20.0,72026.3289941909
4.309918653459718,-30.0,73427.4297062891
4.7128531173258,-30.0,73055.87307559117
2.937587472248926,-30.0,79848.0288007694
4.282092191271758,-30.0,73698.01263003894
3.274460914110759,-30.0,79194.24517319584
2.3227273475626857,-20.0,73113.96241710303
4.520645390545331,-20.0,61573.65964704486
1.8475870497857656,-20.0,76908.16150463355
4.299821363463565,-30.0,73511.53634074976
4.811105630636268,-30.0,71456.56058281072
2.9348667416703345,-30.0,79864.34874726432
4.774575643930161,-30.0,71892.95125012229
1.4609272149593915,-20.0,79652.70979377694
3.529718498496929,-20.0,66825.73993314282
2.292486144453952,-20.0,73368.23678113942
4.2163891865614005,-30.0,74819.08996469724
3.778115014799501,-30.0,76101.31762079652
2.679889794828058,-20.0,71227.10164585809
3.1499665970598487,-20.0,68211.33282413676
4.209150038047522,-30.0,74983.79770525794
4.5959820253091905,-20.0,60839.11911566447
3.085661504743885,-20.0,69205.38408969171
4.875209087044414,-30.0,71145.75804999743
4.8640457563741695,-30.0,71158.36194434603
1.5029176920300538,-20.0,78643.16904840877
4.585762110196708,-20.0,60877.43868161047
2.862713223485936,-30.0,80844.344655741
3.7923356974443125,-30.0,75895.1237137512
3.826040025030701,-30.0,75546.00445178266
1.4419769253821642,-20.0,80289.05617715354
3.8068561790701496,-30.0,75720.64078495027
4.074752027348,-20.0,63322.3712467925
3.1450217077660456,-20.0,68251.62468672643
4.606586952869963,-20.0,60819.49669781112
3.7993757622192357,-30.0,75805.9761276185
0.8221704213930703,-20.0,83314.16359468762
1.8275486616444319,-20.0,77525.5248219964
4.786958189750454,-30.0,71723.93743589969
4.797416209018742,-30.0,71598.0320521933
3.1384199239459543,-20.0,68314.76494457098
3.39955771722033,-30.0,77563.85874078343
3.342379894963492,-30.0,77944.50641312962
3.8169291935394236,-30.0,75621.01313303597
4.0999162168244805,-20.0,63217.969895222035
3.530875123898899,-20.0,66798.98198220275
3.1577258454932844,-20.0,68160.17944496943
1.0737853894887488,-20.0,82903.53483320051
3.145076079423508,-20.0,68251.14906357692
3.177591936931244,-20.0,68096.25724770446
0.26853875891834356,-10.0,81464.86964744361
0.8157940734429114,-20.0,83341.23748098232
2.67779192147274,-20.0,71266.56296502943
2.1131651813648675,-30.0,84358.84363185773
1.4831475616312462,-20.0,79049.65025836063
2.7015195631209217,-20.0,70888.25579217185
1.4655193575115195,-20.0,79515.4043140148
2.0393962808662147,-50.0,93368.8787896623
3.5588293034867737,-20.0,66245.78855427094
3.1473616049405893,-20.0,68231.81181764777
4.270944362650759,-30.0,73840.5780933384
4.302979772175924,-30.0,73483.50476580492
3.751783705483777,-30.0,76575.1879785917
2.13855474433464,-30.0,84274.09249742415
2.8875544929940116,-30.0,80387.86469688495
3.8439256376662714,-30.0,75440.42254517594
3.2874726675148738,-30.0,78887.9111792348
3.303338515696816,-30.0,78557.20865312143
1.9208713214624664,-20.0,75670.27574824342
1.8432056196666489,-20.0,77032.91924402764
3.6171802955402717,-20.0,65664.3051009418
4.03459773692224,-20.0,63758.31869306335
4.848714855149968,-30.0,71204.11552584909
2.2877228040826028,-20.0,73431.72617463983
2.270165998308367,-20.0,73720.95733573427
2.6144894026907517,-20.0,73008.31336141168
4.2979314809739275,-30.0,73529.05980901828
1.9241354623199536,-20.0,75652.33538488374
1.5138534426250585,-20.0,78470.95630098935
1.8400121411695762,-20.0,77127.4594953573
2.3324706772642747,-20.0,73086.67579870409
0.032961779310941734,-20.0,84895.05028738454
1.843116218313198,-20.0,77035.52448822341
0.2925792686771692,-10.0,81132.82735089587
3.6190940967469283,-20.0,65658.24704408234
2.7810889656598357,-50.0,92406.81518232576
2.0962211591986035,-30.0,84497.9652685673
2.695728964476708,-20.0,70966.82811046278
1.0745585252538357,-30.0,86061.7474501142
0.07687392622802884,-30.0,88805.04063499035
1.90898917516924,-20.0,75762.3168196439
1.9060338876830274,-20.0,75791.72780407783
4.336798121359912,-30.0,73281.58260340143
0.7919791815001449,-20.0,83565.0551872554
4.738614723662142,-30.0,72505.87585351092
3.3187746445289887,-30.0,78280.74026610643
2.895308671587916,-30.0,80270.97551593451
3.294152878111789,-30.0,78742.92851474986
2.2791249123707162,-20.0,73562.50734665412
4.835387850636998,-30.0,71270.74217251338
4.597721281758947,-20.0,60834.4962402027
4.587094767654943,-20.0,60871.35974577251
1.5369686354858612,-20.0,78230.21011084167
4.870257536637469,-30.0,71149.20030972773
4.035658519333625,-20.0,63742.51078530522
2.730968926190544,-50.0,92614.62857235954
0.37001329291355706,-30.0,87200.60657515246
1.116340099138987,-30.0,85986.25018134188
1.3162851628838932,-40.0,89032.3895377453
5.87718557253499,-50.0,89697.29646759923
2.8720797716271727,-50.0,92189.44652850862
2.0038631720321827,-30.0,84704.2794019958
4.239101389860053,-30.0,74355.21391139097
4.216971049800595,-30.0,74806.20423216902
3.3192508000731378,-30.0,78272.9231391696
3.567834840857045,-20.0,66105.66118368544
3.381478114173059,-30.0,77617.96547408983
4.04734975312137,-20.0,63583.76907337251
1.4599010796107077,-20.0,79684.29328882092
3.601132253254298,-20.0,65747.50647036717
3.7829902564761175,-30.0,76026.6944662365
4.7101159654784635,-30.0,73119.71433653797
4.609283035484278,-20.0,60817.771874876096
2.2496776282175963,-20.0,74168.50679675526
3.3410325161342636,-30.0,77960.8796483668
2.9647986167413602,-30.0,79766.98187857895
2.212782576228478,-20.0,75273.79642508278
1.9282013093061439,-20.0,75634.41189993516
2.629138069907678,-20.0,72510.22953917307
4.237124338096553,-30.0,74392.39877788864
3.0612423804458624,-20.0,69851.47655779477
3.5018347092039006,-20.0,67564.4362068154
0.3190791712338367,-20.0,84795.55389107828
0.31049354587222033,-10.0,81053.96294833581
0.8133689050577206,-20.0,83355.17509587284
3.146987999599715,-20.0,68234.88524993623
1.4362145716251336,-20.0,80504.77145595347
4.569341939941372,-20.0,60979.05215419289
3.752901896305544,-30.0,76552.63840252093
3.8615938687230242,-30.0,75390.18435549359
1.5588709730653774,-20.0,78156.23505625245
3.1519524377823886,-20.0,68196.83785958981
4.706633969043116,-30.0,73202.42340567299
2.3041952979447604,-20.0,73239.30611844383
0.8998465652617437,-40.0,89501.60975758359
3.5348013479385143,-20.0,66710.45017771039
4.82712093654332,-30.0,71324.65641950088
2.459732200330789,-30.0,82786.53746879079
1.5042370068762212,-20.0,78620.40469712701
4.865413101054708,-30.0,71155.88202188887
0.8123741370207085,-20.0,83361.47250803228
3.6034193078262975,-20.0,65732.10702027289
3.593285865707597,-40.0,86273.90237866885
0.3299272975921456,-20.0,84781.12047619
2.1299098038267665,-30.0,84286.32240583173
2.9245562134578895,-30.0,79939.78585304756
0.21261115764602362,-30.0,87945.3777790702
1.0409452486631663,-30.0,86164.14837088482
4.550224659999563,-40.0,85723.50076785011
2.6224444424387423,-20.0,72730.71883298285
1.1668706715523625,-20.0,80802.0046358767
1.8341053730541432,-20.0,77310.34035862252
0.022916487821371612,-20.0,84940.73518624899
0.8333138046049731,-20.0,83300.11744854439
1.4981339269599578,-20.0,78730.28751159388
2.7152124950997694,-20.0,70737.696789385
4.279196489151609,-30.0,73733.16655750941
2.5195483688466878,-30.0,82073.8806210559
4.060554392276758,-20.0,63438.499537997675
3.7843286694080005,-30.0,76006.92590488965
3.8625086579145362,-30.0,75389.04164405132
3.283318258039732,-30.0,78982.28285014803
4.356448178755164,-30.0,73246.4840492441
2.851953210974275,-40.0,87074.17489434601
4.203968290832028,-30.0,75106.68163836868
2.324131419522881,-20.0,73108.39089583993
4.085015861142864,-20.0,63264.16563496034
2.1287818932071616,-30.0,84289.18271633268
3.542652822276298,-20.0,66544.04777096216
2.1010621980109656,-30.0,84451.46051923359
2.682128059823577,-20.0,71186.28721977871
4.573074453721264,-40.0,85713.57594853696
0.04901113129615047,-30.0,88872.78632490944
3.295453272134518,-40.0,86917.70012309018
1.5481559712036654,-20.0,78173.71149429782
0.05322984808545644,-30.0,88841.85749353009
5.120666428535827,-50.0,89930.07290001702
1.8751189871658709,-30.0,85027.71354746638
4.741376429434924,-50.0,89989.67975115767
4.327653715909879,-30.0,73318.48303590527
3.6171248988627474,-20.0,65664.49270412914
3.1496487143727956,-20.0,68213.7427813606
4.544871921974101,-20.0,61222.67560295321
2.6697244683625527,-20.0,71429.20108301399
3.0414200594721423,-20.0,70485.50305687127
1.1334261965040167,-20.0,81230.36775474115
1.1436724339029558,-20.0,81060.17032913998
0.00520526973995037,-10.0,86232.64534677633
4.005518323120793,-20.0,64283.22573732095
4.762845961179602,-30.0,72072.9528129023
4.850689863551761,-30.0,71196.3690814261
4.244747665168099,-30.0,74252.37956516305
3.632724277487701,-20.0,65638.86143917614
3.7323516139074835,-30.0,77001.31596789813
4.242632701984542,-30.0,74290.31529072399
3.075323556249505,-20.0,69460.75976468986
0.8266000458795169,-20.0,83303.51476467113
3.3797375255031588,-30.0,77626.40080866725
2.906605244060568,-30.0,80122.50273413006
1.5376272630382042,-40.0,88423.2949207197
0.28634677714522894,-10.0,81194.04079044702
2.6219318095350173,-40.0,87097.74199765126
0.6238884366723843,-10.0,78441.02740007956
0.03412283951518396,-20.0,84892.68489982703
5.5170056089098765,-50.0,89806.3576120349
2.3137892370248823,-20.0,73162.38543815492
2.900307232897733,-30.0,80202.08709513723
4.323477567829979,-30.0,73339.69324541197
3.1066523023408967,-20.0,68768.58211772743
2.7366229334658945,-20.0,70601.30299853889
1.5004956571546968,-20.0,78686.38079768402
4.832125459027322,-30.0,71290.86648518273
3.133291527413893,-20.0,68371.20001831591
4.199062280974395,-30.0,75226.85484238702
2.0044811406321412,-30.0,84704.01589984208
3.7783773046114306,-40.0,85981.83390425902
1.3311201203144107,-50.0,94566.43354884126
1.8498634668162053,-20.0,76845.6036002698
0.2932455576851693,-20.0,84810.73295353218
0.5847745777435222,-40.0,90112.57850190003
2.515360071014145,-30.0,82098.52017680166
3.843294401104775,-50.0,91141.64063904536
0.13169273731112646,-40.0,90751.38086949076
1.4226317181786445,-30.0,85780.34447335973
2.373558004047069,-40.0,87443.99434779823
0.23822735202357798,-30.0,87749.34922692357
0.014330862459755213,-10.0,83870.77005911864
4.57780332688926,-20.0,60920.51246184468
4.6008313033500166,-20.0,60827.60448350117
4.020206982721401,-20.0,63995.95123245899
2.12705237599957,-30.0,84294.13617112245
2.5021901624777056,-30.0,82200.7546232855
2.6951211260629453,-20.0,70975.59020750129
3.534940688590839,-20.0,66707.37342997958
4.358422374407674,-30.0,73246.28093689942
1.1876703656078957,-20.0,80720.35317833594
4.829122097767343,-30.0,71310.72063189685
2.5357222745669956,-30.0,82014.32685289213
2.6640381743085078,-20.0,71554.22794707568
1.5276935045695046,-20.0,78306.72042783399
3.337350870345099,-30.0,78007.359381556
0.005061091426397414,-10.0,86233.89898980178
3.7258377932222553,-30.0,77158.62663733227
3.745566810396921,-40.0,86005.33542373913
2.6061766662627828,-40.0,87117.42595230363
0.9538815533500399,-30.0,86571.13085616427
0.6239200029774338,-20.0,83985.77030403953
0.16170636256333587,-40.0,90727.12559070744
1.1094377901451455,-20.0,81763.44953514352
2.2079932241649214,-40.0,87861.2864076348
2.496834437340561,-30.0,82253.0845025167
3.7658328053928924,-30.0,76307.49356996595
4.856762104900632,-30.0,71175.98601900272
3.150168731594909,-20.0,68209.81326022281
4.2148458044948445,-30.0,74853.52370922297
3.562349182995555,-20.0,66188.81703174123
4.597253370362354,-20.0,60835.68569276044
2.6638060268858963,-20.0,71559.51500583165
4.265522638034279,-30.0,73916.97210135426
0.810526834816814,-20.0,83374.0627939837
2.9291159234296558,-30.0,79903.77116420989
3.8382198193773798,-30.0,75468.11402265857
3.7568792709845917,-30.0,76474.1719012904
3.2920333357123153,-40.0,86927.3193985585
1.524646458271803,-40.0,88443.17949496648
4.444703148866882,-50.0,90330.36952359712
1.9038647681234169,-20.0,75814.96848099105
0.3196484191647104,-30.0,87324.03255979775
1.1196265416430053,-20.0,81513.9906738349
3.756915521275613,-30.0,76473.46925621714
3.9981893722251085,-20.0,64443.54864418168
4.284036024679711,-30.0,73675.15408705287
4.084387660758866,-20.0,63267.108900850886
2.1289536387361627,-30.0,84288.72832312225
3.392674207034344,-30.0,77577.25942208087
4.349239110260859,-30.0,73252.37125515094
2.2847377515364027,-20.0,73474.7704190766
3.5536156041786535,-20.0,66335.37591865825
0.809715085298724,-20.0,83379.96362489954
4.332292477141454,-30.0,73298.12791196177
1.8453232009714435,-20.0,76971.90761935548
2.9476773922007222,-30.0,79800.56358630279
3.6100404353927447,-20.0,65694.16721625475
0.01875590027937233,-20.0,91494.7120249377
3.5802187721361767,-20.0,65943.11106072314
4.8591267808358065,-30.0,71169.44888003447
3.941480639424581,-50.0,90965.06619923066
2.516893417589874,-40.0,87170.42413668158
5.6056563466758424,-50.0,89745.23699244125
0.16312646287800397,-30.0,88303.09706097422
0.13572100459629727,-40.0,90750.64319224725
1.7722139164639636,-30.0,85525.7576002295
0.3572220765399465,-30.0,87253.55574662305
2.033313534980416,-50.0,93374.31638939586
0.3649520752001138,-30.0,87207.80595854486
2.0483946217882796,-30.0,84664.85450982308
1.4296758907555476,-40.0,88721.53419062833
1.1693385941279653,-20.0,80784.91599877684
0.36336721052031556,-30.0,87211.4190753608
1.396097108843572,-30.0,85808.80267126372
4.270216612458933,-30.0,73850.56409648732
4.774362104476927,-30.0,71896.05531378709
2.4868280826438545,-30.0,82367.53104701584
3.78903420572117,-30.0,75939.88049651516
4.255504404274868,-30.0,74070.27053422201
4.324962349419005,-30.0,73331.83885358421
3.512365137567536,-20.0,67264.29801172108
3.15134207358384,-20.0,68201.19020303847
4.233887568814772,-30.0,74454.59372555946
3.1438033406070867,-20.0,68262.47260509638
2.286164999361108,-20.0,73453.87639682206
1.1820106805786494,-20.0,80728.56160633679
4.097374990533719,-20.0,63222.64636119487
1.652813263843048,-40.0,88326.8785380612
4.464233974060963,-40.0,85787.44336076308
1.7797368662605724,-30.0,85341.30067445475
0.7019712665101275,-20.0,83652.17124298
2.9166112213832696,-50.0,92132.6712087878
0.6223351382976355,-20.0,84005.74331036214
2.9481830897143873,-30.0,79798.72547960542
2.295783797503181,-20.0,73328.02477836928
3.398113692031713,-30.0,77565.93729372705
1.8744415162616734,-20.0,76268.67025663331
3.163330933766951,-20.0,68132.38781434248
4.306270563906839,-30.0,73455.96713679766
2.8875445047139783,-30.0,80388.02310852254
1.5016321550788332,-20.0,78665.875434794
1.8532590068659713,-20.0,76755.16501055106
1.1642419936827517,-20.0,80822.39983201234
4.600225366449882,-20.0,60828.808987954675
3.61964611150892,-20.0,65656.65245183626
3.7689097588248552,-30.0,76253.40052765801
1.6906416515930829,-30.0,85683.4347921158
2.715975375216397,-50.0,92688.5418571391
2.4452910519830704,-30.0,83074.9142710821
6.055027538228341,-40.0,85511.92256230839
0.026203503161567655,-20.0,84905.06087789682
3.136048016862305,-20.0,68340.06305537866
0.6168052159306588,-20.0,84041.23062918788
1.8109201507891237,-30.0,85138.621783407
2.4835604771696302,-40.0,87213.20304365549
1.9405949972353023,-20.0,75610.02325643973
0.9212905376330406,-30.0,86685.61514432261
4.822203389350246,-30.0,71361.30352889987
4.214632930245678,-30.0,74858.30206915554
2.2528996134665054,-20.0,74090.26424625114
1.4485705591402036,-20.0,80054.92120620573
3.7703887628911064,-30.0,76227.98015588398
3.6088240313175755,-20.0,65700.39745697426
3.537367372098056,-20.0,66654.50709418491
2.2649104343049515,-20.0,73824.45138503115
2.8987766951982312,-30.0,80222.64232275767
3.5158313992146164,-20.0,67171.12989605751
4.092631025103792,-20.0,63234.897851516565
2.9331713031078115,-30.0,79875.27564623735
4.606132586374207,-20.0,60819.91755738924
2.6452169140030106,-20.0,72029.44966610806
1.1297428777715828,-20.0,81299.96244502446
4.104012017534444,-20.0,63213.20009931733
3.3696105993917103,-30.0,77686.74207457235
2.5185706850675347,-30.0,82079.29263771612
2.307112823916915,-20.0,73213.1793822913
2.731525581437146,-20.0,70622.8400307502
4.808377184283803,-30.0,71482.64497118573
2.250903188427193,-20.0,74138.39944043948
2.750201250092476,-20.0,70577.21051688957
0.667712870429788,-30.0,87004.81367875836
0.044970965873492856,-20.0,84881.3808032248
2.2273960255463328,-20.0,74789.95778782212
2.477645694578145,-30.0,82491.67529188182
0.030568305579964972,-20.0,84897.80850093538
1.4455206542367276,-30.0,85773.5297268319
4.741994398034882,-50.0,89988.67580150481
1.9965998017355715,-30.0,84719.24287349035
2.9144041019557765,-50.0,92134.45179901761
1.54938621781131,-40.0,88404.77957055777
0.6533847599524115,-30.0,87024.65247855237
0.03446238537353124,-30.0,88986.88790936727
4.832452735705845,-30.0,71288.77988091689
2.5011086140788112,-30.0,82210.82091031286
2.670453555823549,-20.0,71413.79212959248
4.813202803380582,-30.0,71437.22620637901
3.102029265910878,-20.0,68855.39931216606
4.50931219591598,-20.0,61775.74389350493
2.9400335655275844,-30.0,79834.63361056302
2.299841370488447,-20.0,73282.74454742658
4.725664062114488,-30.0,72770.85146035465
2.329766621815323,-20.0,73091.58442862338
4.0006935214138934,-20.0,64387.494164916105
3.716472558740832,-30.0,77397.49458829088
2.7163688396260586,-20.0,70727.24750259105
4.576508976939458,-20.0,60928.61538680013
4.025900224964662,-20.0,63896.770371951236
1.5320621213729977,-20.0,78267.33103902594
4.104673677392485,-20.0,63212.74985582631
4.568406699807802,-20.0,60986.33051579909
6.155577677452815,-40.0,85467.96043761769
1.1376753864599918,-30.0,85969.49270441246
2.097893380829598,-30.0,84481.2899216172
2.054899782720226,-30.0,84646.40991573874
0.3981454114603155,-30.0,87178.45367371113
1.4078900965296346,-40.0,88751.49416886267
1.9239589490724276,-20.0,75653.2246284548
2.1023491026913517,-30.0,84440.0078208322
0.03474075117868874,-20.0,84891.86581443694
0.04299963339065232,-30.0,88918.53460217747
2.1003670785406436,-50.0,93344.13660183753
2.848147007143379,-30.0,81170.05518747166
0.23281306131767238,-30.0,87787.71800296659
1.7431896965854388,-30.0,85553.36029487588
4.02196727174028,-20.0,63964.561568474506
0.2771648230059415,-10.0,81315.95887461668
3.5355920745307374,-20.0,66693.0496297717
3.7860816684197376,-30.0,75981.50181802905
1.1132024638849733,-20.0,81667.31517772365
3.5133937497704304,-20.0,67236.35991409767
0.8189733891545703,-20.0,83326.00498494226
2.6961382130400064,-20.0,70960.9837961952
4.81310535204241,-30.0,71438.11086370668
2.857840378505939,-30.0,80948.53492450718
2.2652145145878393,-20.0,73818.25075140406
4.226833813446563,-30.0,74595.79185976805
4.798643370240734,-30.0,71584.27008967249
2.29512327733345,-20.0,73335.83414172442
2.9009823195101845,-30.0,80193.17158165168
3.574018308031598,-20.0,66020.14142791754
0.7040169381197096,-40.0,89745.47859157641
1.1420676631007751,-30.0,85967.85075591583
1.5438150262256682,-20.0,78190.991423555
0.3672673680295166,-30.0,87206.31424822345
2.3483341535679947,-40.0,87478.68268228686
1.441402033419378,-40.0,88686.31328384874
2.232644604888817,-20.0,74630.9253783316
0.03897136610548151,-30.0,88950.29213476667
1.3772467607929189,-30.0,85842.58883947763
2.4664633642781895,-40.0,87243.31053474825
3.0829599851400227,-20.0,69269.55058151596
1.475582182561098,-20.0,79237.60981529868
1.5315827728223859,-20.0,78271.36138951115
3.8689068168047305,-30.0,75385.05270062723
4.284916490196343,-30.0,73664.99578514804
0.15109019723736278,-40.0,90740.25640598687
1.0967286564158085,-20.0,82122.25017234933
4.03694096945571,-20.0,63723.71207364535
3.7351649511756646,-30.0,76935.61648881058
4.769536425361801,-30.0,71967.91297488014
3.2022234307024102,-40.0,86987.27044989448
3.8425691676032967,-40.0,85946.84233606534
0.5915464915459715,-30.0,87077.43727312196
1.8579027759637352,-20.0,76637.05142104984
0.12129656424718809,-40.0,90775.47887664454
4.7933819190111615,-50.0,89963.29678320579
0.02778836784136589,-20.0,84901.418811977
2.054982121154918,-50.0,93351.74596961166
1.076143389933634,-30.0,86054.25212327662
1.1755387786714442,-30.0,85963.68132092498
2.5205641858515895,-30.0,82068.47656579626
0.4865851485924683,-40.0,90650.45616257738
4.309999996045601,-30.0,73426.8172500927
1.166904442878744,-20.0,80801.75733405715
2.7337898814252926,-20.0,70612.43039712074
4.207006694236341,-30.0,75034.1224335688
3.8659464128220664,-30.0,75386.02806218545
3.3662184149448207,-30.0,77711.25611474078
2.7408960573767454,-20.0,70588.50595239032
0.8057259337518452,-20.0,83412.23072900361
3.291764739247907,-30.0,78793.80044272315
3.2806255024670827,-30.0,79045.1734597565
2.9629038115862363,-30.0,79767.79661094747
4.566926985754154,-20.0,60998.17514841497
4.084815136441373,-20.0,63265.09730506984
1.473967591889382,-20.0,79280.0460484951
1.1743148676267872,-20.0,80756.52168408786
2.0372502173344875,-50.0,93371.82571518378
0.532304723928806,-40.0,90357.81211185583
2.4720653070810688,-30.0,82576.0623786723
3.8544428931958805,-40.0,85945.17055229456
1.322122220246896,-50.0,94579.30046184361
0.6284388422870485,-20.0,83899.93581772511
0.3208088008726197,-20.0,84792.8281871285
3.5525105585212424,-40.0,86326.94308030113
0.06247126593450097,-40.0,91829.90271577588
1.9093880795465208,-30.0,84919.9191538774
1.639296471181983,-30.0,85724.60527671243
0.9087664799566436,-30.0,86759.31712595056
1.1524002778585958,-20.0,80942.34446120472
0.509187954071708,-40.0,90528.98032883162
0.022980092372635187,-10.0,83859.43511762616
3.759104325345768,-30.0,76431.46213954409
3.3585681144940702,-30.0,77774.47390015499
1.0681688464754027,-20.0,83120.90191266075
4.0275301868654925,-20.0,63869.622450791554
3.8018680677855814,-30.0,75776.4697062443
1.8881604575305313,-50.0,93855.93018334823
2.694157249586973,-20.0,70989.68509953024
4.792123486303861,-30.0,71659.82287201927
1.1765769430123898,-20.0,80746.2932741648
4.864744802974183,-30.0,71157.06140465326
4.051969894649265,-20.0,63528.84524705092
1.4525600181591107,-20.0,79919.84776196274
4.527291879778545,-20.0,61466.41726017199
4.865446125473364,-30.0,71155.82536511375
4.222172520559035,-30.0,74693.35094659525
4.016655880189965,-20.0,64061.250205990844
0.2696125194163365,-30.0,87551.83108003146
2.261372739370585,-20.0,73898.50945438459
0.6302334911289517,-20.0,83891.37307867521
1.2683251559929052,-50.0,94647.92434843225
4.538350934406978,-40.0,85730.29524551911
6.058562006079532,-40.0,85488.43458286539
1.1111407771249193,-30.0,85992.5530316464
1.1179249638187851,-30.0,85983.88962920313
0.1271837565791762,-40.0,90753.07548510614
1.228367529142917,-50.0,94773.47485510964
0.0942376731127496,-40.0,91193.33680683268
0.6294538778049439,-10.0,78375.56084626111
1.3565911859008062,-40.0,88877.58726679807
0.04380990566925063,-20.0,84882.35469399855
1.9377817999262175,-30.0,84825.46241586847
1.8227439266468943,-20.0,77691.34241495946
3.818021890061284,-30.0,75611.26019773207
4.3255037598209025,-30.0,73329.06086129838
4.205653964933099,-30.0,75066.25010397164
2.7195029972366367,-20.0,70700.69764503416
4.600573479143394,-20.0,60828.10882053961
2.5343725912736588,-30.0,82017.13682346138
2.5145362139577143,-30.0,82103.81378839961
1.0836238081074745,-20.0,82547.49475183984
3.1616601833267426,-20.0,68139.86870784308
2.945113323705571,-30.0,79810.67745683942
4.065026942321843,-20.0,63397.44668836498
2.2326474076361853,-20.0,74630.84256960187
2.50044518097752,-30.0,82217.12122635955
1.153622186435391,-20.0,80927.84153450775
0.024646117460154594,-20.0,84936.35546646145
3.7833953596338916,-50.0,91316.53159566483
0.5395554884757127,-40.0,90299.58763007844
0.11612965146688518,-30.0,88435.09318113209
1.3647875055523637,-40.0,88852.1492180945
0.03585246915396694,-20.0,84890.44551278334
0.7891829886991782,-40.0,89602.45038923957
1.927043497118282,-20.0,75639.01632160647
3.309476910111205,-30.0,78441.91316999089
4.859635835381882,-30.0,71168.14419809096
1.0792210285575896,-20.0,82702.93109960954
3.7338083757213854,-30.0,76967.1273424276
4.812026917124127,-30.0,71447.99047461439
4.09895419999004,-20.0,63219.5855159772
4.300557009079293,-30.0,73504.8671656592
4.834312172383653,-30.0,71277.21165585455
2.716677246659848,-20.0,70724.52011959642
4.639088685033078,-40.0,85692.35270628329
4.848029994061214,-30.0,71206.92981650702
4.093295066559902,-20.0,63232.90674479956
2.240884019976607,-40.0,87744.7196182432
1.9857406618424607,-40.0,88258.07185423948
3.972220181381879,-50.0,90937.88444479601
1.404741989989513,-40.0,88756.9768299486
2.2509641341729587,-20.0,74136.91331705262
2.9446195273771307,-30.0,79812.77757462923
2.2119915338529514,-20.0,75301.70990816035
4.23453696825772,-30.0,74441.98436465599
3.6195846992672296,-20.0,65656.82647062361
1.5275583215377235,-20.0,78308.0345696822
4.5797047929874655,-20.0,60909.16623577025
1.8604591735180405,-20.0,76574.7767570616
2.624969124684406,-20.0,72646.15048346354
4.2642502810854435,-30.0,73935.56872991748
4.571795763321898,-20.0,60960.72081536679
2.3187919933289223,-20.0,73132.52251909701
3.735660898345249,-30.0,76924.1751173066
4.204168259094523,-30.0,75101.86231185832
1.4788343464514488,-20.0,79154.6128300105
4.276933018745968,-30.0,73761.56315977387
3.0811908439112967,-20.0,69312.55548865409
2.923637367712054,-30.0,79947.55297144492
2.700214548200176,-20.0,70905.18953103882
0.3111598348802204,-20.0,84810.09501218903
0.3827565387111353,-30.0,87186.90716083864
0.007547413548600314,-10.0,83903.44509276714
5.282586557760316,-40.0,85581.74626748957
2.9538287713714624,-30.0,79781.70555199396
4.071546351181238,-20.0,63344.97318922614
4.279541517263537,-30.0,73728.90870437722
4.878126659261332,-30.0,71145.330145831
3.405329616135476,-30.0,77559.43031255888
3.168853312693906,-20.0,68112.51093461108
4.804379786376318,-30.0,71522.75994451983
4.078950266204815,-20.0,63295.9569104665
0.0054810270682768905,-10.0,84024.3538092334
2.7223427002007536,-20.0,70678.87650876107
3.5710732796092275,-20.0,66059.78763202162
2.2957952784018216,-20.0,73327.8901168515
4.834415547930265,-30.0,71276.58283388084
4.542216261853985,-20.0,61255.795034312585
2.1303750247955975,-30.0,84285.22772406923
2.032288012283575,-50.0,93379.18665997434
2.103507216080015,-30.0,84430.02788318618
2.937502275743975,-50.0,92121.08253282722
0.2343979259974706,-30.0,87766.10336904877
2.447029814036058,-30.0,83037.79962085721
1.0425301133429645,-30.0,86152.50703683539
4.5322719462627905,-40.0,85735.45045432413
0.8252097882425395,-20.0,83306.1369632374
0.3755252673702176,-30.0,87194.23571118573
4.327617909940145,-30.0,73318.6532640133
3.8102420358344036,-30.0,75685.19582329139
1.5133962724014447,-20.0,78477.40505927787
1.1843025491399866,-20.0,80723.97670430731
4.357483661261982,-30.0,73246.30205027464
2.2502128074456316,-20.0,74155.30725427854
4.712252044725984,-30.0,73069.80378479893
2.693450673510732,-20.0,71000.17365866204
4.73556155523576,-30.0,72566.24247128947
4.848529392336683,-30.0,71204.87113327892
2.8643710860408707,-30.0,80809.99077077827
3.627255529911042,-20.0,65641.63741647013
2.6888390110632754,-20.0,71071.87696230473
2.524457919715813,-30.0,82049.8293707848
2.48056757674033,-30.0,82450.18657456801
3.136913726071433,-20.0,68330.66946597578
3.563623156573619,-40.0,86290.36206900064
0.3684284282337588,-30.0,87203.52359378248
0.4601111545785889,-40.0,90685.17278669577
0.3307369285543102,-30.0,87287.89742451569
2.912674539029198,-50.0,92139.24573865798
2.469963784089992,-30.0,82609.59380066654
1.6166503020156635,-30.0,85769.4590480457
2.9601786699307775,-40.0,86994.34890521217
3.987826517363526,-50.0,90926.77212792043
4.056313941546888,-50.0,90902.62003172377
3.076473062522216,-20.0,69431.04816290402
4.849676731941329,-30.0,71200.27429927199
3.764036426492617,-30.0,76339.82811752443
1.1218270488545814,-20.0,81464.58026022036
2.639202136706614,-20.0,72201.224688663
4.757353861648605,-30.0,72163.87378270166
2.961228367314318,-30.0,79769.1178579717
2.090812097172603,-30.0,84556.32493319896
3.8095575702918287,-30.0,75692.20134254433
2.451168455850011,-30.0,82952.09328605644
4.7505640883323945,-30.0,72282.12017553338
4.262854225617108,-30.0,73956.26561791309
1.476309472583802,-20.0,79218.76126647438
4.236627237476069,-30.0,74401.84436153037
3.3691378724277845,-30.0,77690.02877123714
1.439700679414445,-20.0,80373.0320382989
4.7076943162332405,-30.0,73177.05940051154
3.8671178520072127,-30.0,75385.46299794682
0.1315485589975735,-40.0,90751.42084215331
4.54680472357736,-40.0,85726.3330614211
2.142311943483349,-40.0,88166.53569486381
1.3260589026009675,-50.0,94568.5511139142
1.9984806009154656,-50.0,93429.0612403682
2.3320709863133158,-40.0,87505.83373515493
5.26589068953316,-40.0,85585.6900938362
5.626672730239334,-50.0,89737.18643663773
1.092290429074266,-30.0,86022.75269530289
2.3250347111203586,-20.0,73105.09845631594
1.039784188458924,-30.0,86173.33469168123
3.4469960045586423,-40.0,86466.74840156136
1.9183271249623357,-30.0,84896.44956678517
3.3721905626368995,-30.0,77669.54352442583
3.1031399046361807,-20.0,68834.0592211891
2.3022584907607353,-20.0,73257.97135087082
2.3355127383608227,-20.0,73083.59846852458
4.503178180946394,-20.0,61895.27318521605
3.339014813600481,-30.0,77986.03692464686
3.8540422975590483,-30.0,75405.09687882078
3.6019985231056344,-20.0,65741.53490000461
4.592983105814653,-20.0,60848.38614798107
4.740469799097202,-30.0,72469.83213880585
4.227227227881704,-30.0,74587.71260057786
4.342347537167846,-30.0,73265.567398244
4.8682110383931025,-30.0,71151.6227204298
4.863856837587148,-30.0,71158.72515701775
4.602515891448482,-20.0,60824.60720867124
3.524244708883354,-50.0,91593.7157881532
0.6831017431789682,-30.0,86992.72805273521
1.2615799771564458,-30.0,85901.99393971861
1.5433338285690938,-20.0,78193.26931962388
1.0182990794968467,-30.0,86254.39668131279
4.889427532516429,-40.0,85657.38482796852
1.3090985858861526,-40.0,89065.22107310363
3.9914757829660457,-50.0,90924.9346242723
1.4308390390678225,-20.0,80715.32466903926
2.8837097293973795,-30.0,80450.34140338434
3.4056710941532,-30.0,77559.36261809058
3.0598647424577043,-20.0,69892.36221953988
4.84600505766975,-30.0,71215.63689229936
3.180142318806456,-20.0,68095.02138707828
4.219646200160188,-30.0,74747.63796476943
4.858793160823469,-30.0,71170.3236450443
3.3005894166947387,-30.0,78611.13415190054
3.5312032109457876,-20.0,66791.44803222512
2.8918866484139594,-30.0,80321.05769276872
2.9476459500685506,-30.0,79800.67957407133
1.8920804575714572,-20.0,75965.70716400107
4.250706338744855,-30.0,74149.26256921823
1.1331948566729961,-20.0,81234.60788672802
1.4456798407904659,-20.0,80155.89870815231
4.255931353182099,-30.0,74063.41631133064
1.8195346979693579,-20.0,77805.92530101509
3.7238523249878055,-30.0,77208.01771384607
3.7862889430745694,-30.0,75978.53073884263
4.582302997857333,-20.0,60894.73409052935
2.2018255527983146,-40.0,87885.73486374605
3.9751229407335402,-40.0,85883.53343019699
0.013882933295555101,-10.0,83872.28266163061
2.154803732211365,-40.0,88053.61630441732
3.3153142392919372,-30.0,78338.82934292115
1.7395162131311022,-40.0,88290.6016535178
2.628284193136757,-20.0,72537.6908416618
3.7504361165349605,-50.0,91435.50508758952
1.101243368394024,-20.0,81988.74138907433
3.7296315856826086,-30.0,77066.12354892374
4.357661847519639,-30.0,73246.28752366056
2.4751366155232972,-30.0,82528.78144364578
3.564728515518838,-20.0,66151.90706843245
4.228153658175357,-30.0,74568.78236178108
4.805234194382853,-30.0,71513.99605706948
3.0946436323385162,-20.0,69005.08783601626
1.889755124175955,-20.0,76000.33839795113
3.608849800903685,-20.0,65700.26201789241
3.3371228014396577,-30.0,78010.32252351892
2.3077264651717266,-20.0,73207.98852317338
1.481435525591567,-20.0,79090.61499490104
3.5383506826195488,-20.0,66633.47096153008
4.186850642162154,-40.0,85824.36557842293
2.0128022174479976,-30.0,84691.75342364339
1.8646519158503585,-20.0,76476.86305782304
4.182001726534656,-40.0,85835.08677901607
1.2873017609413813,-40.0,89169.51391036296
2.8185088505082363,-50.0,92290.40380533595
2.962168579504969,-50.0,92118.77732669191
1.5344475494840455,-40.0,88433.96230682769
3.9917631997175973,-50.0,90921.7192095273
0.7964463589957894,-40.0,89568.43785735712
0.07990328846087495,-40.0,91286.49449755604
2.7187833965415242,-20.0,70706.56458193377
2.672634906479135,-20.0,71368.53374333186
4.531577214846745,-20.0,61401.67342471087
4.19854955206225,-30.0,75239.6288918546
4.719612105945407,-30.0,72902.66417901736
1.1444107445611928,-20.0,81049.23612188996
1.8276800722539202,-20.0,77521.08625321859
4.035971230299497,-20.0,63737.89538766174
4.1031700209617,-20.0,63213.901853223026
3.0789313902889175,-20.0,69368.61244778273
0.8082186371520608,-20.0,83391.43123752909
4.267235729723689,-30.0,73892.3352139236
2.749782334103302,-20.0,70577.2311643112
4.584083927942757,-20.0,60885.55595526376
4.341030034988721,-30.0,73268.93402299607
3.274556778984448,-30.0,79191.87271675076
4.739735998008481,-30.0,72484.03236714886
3.8583820722748987,-30.0,75395.33174737869
3.7423315124036582,-30.0,76774.37977243036
3.788922678483261,-30.0,75941.42531272864
1.2121210305425278,-30.0,85934.23507868437
5.535340532762512,-50.0,89791.17377868672
0.700959499154996,-40.0,89804.14165883066
1.8559006308411763,-30.0,85079.01656046465
1.5417772165048307,-20.0,78201.1335407198
1.5209368635278637,-40.0,88465.84068302966
0.27163275019387967,-10.0,81407.63475674616
1.910972944226319,-30.0,84909.5484653232
2.8387275631238222,-50.0,92241.02785357207
3.958260971683522,-50.0,90947.96824267477
2.186622044623775,-40.0,87949.53025515139
3.22346608842833,-40.0,86972.28703379205
2.19864046412907,-40.0,87898.6832822824
1.911241378354101,-40.0,88276.5386801401
3.98932835604314,-40.0,85881.7391228202
1.2683860234792572,-40.0,89232.8959980742
0.2837111178871393,-10.0,81225.17054030465
2.5023327195802523,-40.0,87199.34169448976
3.4895749208101834,-40.0,86396.09271347444
0.31552463729861774,-20.0,84801.66181124494
3.337106746348703,-30.0,78010.53147421333
2.8743270902931295,-30.0,80615.37908813986
4.031876489660732,-20.0,63799.94210608445
2.3042932707957453,-20.0,73238.38995668144
1.9313881358426608,-20.0,75623.7920140897
2.1344283307487615,-30.0,84277.79189130459
2.113628185376287,-30.0,84355.97099282025
1.1451824934986083,-20.0,81037.99776598052
4.058291807881076,-20.0,63460.83651085796
2.88219887665759,-30.0,80475.71226987928
2.538485676221109,-30.0,82009.79860178975
2.299530570808291,-20.0,73286.04912328286
3.758761790582983,-30.0,76437.98161280088
3.863946228915254,-30.0,75387.5354095559
4.261310097135857,-30.0,73979.51394780866
4.50387799324384,-20.0,61881.274957485584
1.4610718282468294,-40.0,88670.710756071
2.909247762127424,-50.0,92143.3119074757
1.0761714122819006,-20.0,82814.2946858693
3.860948054127827,-40.0,85924.25187025894
2.560018879701705,-40.0,87143.18588600762
0.8017625899284949,-40.0,89555.74567032953
5.655093357674205,-50.0,89723.00198305378
1.069596320202923,-30.0,86074.5101659798
2.720885097549003,-50.0,92646.99738778496
3.333715945088584,-30.0,78055.74947913697
2.2963122759977717,-20.0,73321.86494849366
4.860847683102143,-30.0,71165.18449363322
4.808883342369226,-30.0,71477.72656671697
2.9273341489712355,-30.0,79917.34340205157
2.625238975293774,-20.0,72637.21206360988
3.0574064511544607,-20.0,69966.4983366443
3.7934894557643117,-30.0,75879.92689576214
3.5720279193716147,-20.0,66046.72017528895
3.2757979515893796,-30.0,79161.31103419035
3.293905847148019,-30.0,78748.1412814354
4.343536953294482,-30.0,73262.76085676228
2.928397032874696,-30.0,79909.1698011711
4.857861264142299,-30.0,71172.84982048576
1.5140259915985261,-20.0,78468.53938498723
4.072015301548406,-20.0,63341.53518291903
4.521660005733862,-20.0,61556.75087881142
1.1831155182490152,-20.0,80726.1370761279
4.193437809184525,-30.0,75369.20153560788
4.091440493650062,-20.0,63238.69281637385
4.286002000991703,-30.0,73652.63959447673
3.860891940037537,-30.0,75391.15835455868
2.698122442157633,-20.0,70933.27598332404
1.1452579392235949,-20.0,81036.9095957109
4.845604405758783,-30.0,71217.42805163258
2.871743112876806,-30.0,80663.96118429866
2.2602902341459634,-20.0,73921.87705706595
2.251002641981521,-20.0,74135.97488264719
5.658595208227407,-40.0,85526.74239537778
1.3934583018001159,-40.0,88779.03612174955
3.3007729306791993,-40.0,86849.72476330827
0.36220615031607334,-30.0,87214.71962894053
0.3212332838445086,-30.0,87314.3956863434
1.9532972745549229,-30.0,84819.62944062825
0.6715178738524953,-40.0,89916.66583288353
0.6555080047543663,-20.0,83822.74874229176
3.046294207438325,-20.0,70320.48138302681
1.5219059512217807,-20.0,78368.10238444473
3.883797847849529,-40.0,85918.42603143962
0.04170385407235016,-20.0,84884.09941321204
3.50499433798817,-20.0,67471.676606179
4.255778454828214,-30.0,74065.86765261454
4.816530191413229,-30.0,71407.82524371339
1.1891082429404918,-20.0,80719.93455120474
4.584302581522023,-20.0,60884.46913742182
4.004826403644483,-20.0,64297.87714255323
3.7667317820808828,-30.0,76291.52079378373
1.518403854267813,-20.0,78410.33851054712
4.210210880724519,-30.0,74959.15287962933
4.032423959562379,-20.0,63791.4442673438
1.8623079824439808,-20.0,76530.95457058267
2.098294659251292,-30.0,84477.38439377486
2.529038720427343,-40.0,87159.36643576893
3.5237855621985377,-20.0,66967.84732312447
3.171438368254589,-20.0,68105.76364684239
3.5634007748164302,-20.0,66172.34475938257
1.7791748011075308,-30.0,85345.73108314633
1.2925733352077606,-50.0,94607.85186547734
1.2923166275931175,-40.0,89148.10956176487
0.5434765677444954,-40.0,90294.29987233522
1.5513046570762112,-20.0,78164.85926671163
2.0338289333621415,-30.0,84671.44988206419
2.1766005571561364,-40.0,87994.34309195925
4.048353887665254,-20.0,63571.45646597752
3.7147758025291475,-30.0,77442.37162743228
1.8498463932969935,-20.0,76846.06704789426
3.1350046188236336,-20.0,68351.62947269579
4.77710699642066,-30.0,71856.64381056807
2.685545867272986,-20.0,71126.527591787
2.6983031552406853,-20.0,70930.80425771119
4.024423851241613,-20.0,63921.83911743834
4.071030198079576,-20.0,63348.80942687114
4.055218381447753,-20.0,63492.86896243402
3.336740591490611,-30.0,78015.31021204357
2.117619737537514,-30.0,84333.25332451686
2.224120708603576,-20.0,74893.14920730724
2.6820821445115843,-20.0,71187.11108674528
4.321109357411229,-30.0,73352.9367030185
3.8633483333914063,-30.0,75388.1188926983
4.788755691014513,-30.0,71701.19887735006
2.63583247648367,-20.0,72301.67607599191
0.2159361173743694,-30.0,87925.99113466548
0.6419269415177039,-40.0,89947.49186547945
0.8770591313906676,-40.0,89524.72584875215
0.036325615858486975,-20.0,84889.71969931095
1.9770540892234272,-50.0,93487.84586076802
0.7008102063058853,-20.0,83658.17843230991
0.935887221910208,-30.0,86667.61484031178
1.5204054317046243,-20.0,78385.72869916071
2.4166380663512244,-50.0,92708.67780159676
0.9581087053355585,-30.0,86507.82743715745
0.9044128451913863,-40.0,89500.73516543694
0.07598220919209224,-40.0,91367.02775953407
3.672545066755433,-40.0,86083.99102942766
2.0461875023607865,-30.0,84665.46367110562
2.7404139524752953,-20.0,70589.70989987254
4.028395560495827,-20.0,63855.43454496374
3.5607913657192727,-20.0,66213.68250939177
3.5106624201049845,-20.0,67311.08461580506
4.589806458758597,-20.0,60859.99300626846
4.065909976190108,-20.0,63389.827935388385
1.553758506108589,-20.0,78160.10577555318
2.2187004024491612,-20.0,75070.58613187462
4.221625677093346,-30.0,74705.01770430869
1.8742674688153818,-20.0,76272.12198529059
3.8390185120325926,-30.0,75463.90020534355
3.5801917886139547,-20.0,65943.42738858826
4.283909378937988,-30.0,73676.6253046471
4.0924788939578765,-20.0,63235.3666745476
2.9435261032890745,-30.0,79817.6030960614
3.1064704221617445,-20.0,68771.89767829078
4.246487909046406,-30.0,74221.68972060061
4.013413686676385,-20.0,64123.178291646844
4.5789888984461395,-20.0,60913.36021746611
2.5157493923752376,-30.0,82096.0697554503
2.892075296276544,-30.0,80318.2349490362
1.2901828484240285,-40.0,89159.27505593475
2.937389223161727,-30.0,79849.16742286684
0.28943120560532065,-10.0,81161.56781010045
0.5818857044382607,-20.0,84245.00250813543
1.4270239948194279,-30.0,85777.77013812549
1.5448906333348154,-40.0,88412.89452356496
1.7737987811437619,-30.0,85500.84104956075
1.008437545776188,-30.0,86299.09539978686
3.754932036118535,-30.0,76512.24757938598
2.7386423208143933,-20.0,70594.65806156189
2.5417949538487887,-30.0,82006.54033945587
1.8142358425146705,-20.0,78001.82212470469
2.128868822339583,-30.0,84288.95187960922
4.589299527617364,-20.0,60862.015788574994
4.583930830986979,-20.0,60886.322132108675
2.4470611874669217,-30.0,83037.13596233481
0.8147188055612344,-20.0,83347.16950147838
0.6419615183377265,-10.0,78278.0832585941
1.0666999726015263,-20.0,83179.43806375939
3.3124473466105995,-30.0,78388.65795163807
1.898092832229091,-20.0,75883.63264948584
2.96334344051989,-30.0,79767.54333460494
4.777807086211418,-30.0,71846.7615437765
2.8528068157036843,-30.0,81061.19836948228
4.607859774140012,-20.0,60818.51768656854
2.6624765703808277,-20.0,71590.06880057986
4.100769350521453,-20.0,63216.69480474277
4.105150470417577,-20.0,63212.48062080192
4.858881041716636,-30.0,71170.09170009487
3.1188820971460496,-20.0,68564.4080332758
1.2784034288912909,-50.0,94626.35552800223
0.04856591548946592,-20.0,84879.9983536682
2.3099562993842904,-20.0,73190.01641550557
0.02504244295732543,-20.0,84908.44269651751
3.871815631582199,-40.0,85920.95335084463
2.531211973650011,-30.0,82025.25442443955
1.9092446244304386,-50.0,93810.89893217933
1.1592509211953335,-20.0,80867.35257954968
3.9995263904959564,-50.0,90916.65912417481
1.3359013768983172,-50.0,94565.34916419076
0.7023672011906846,-20.0,83647.89330330901
2.207108241581759,-40.0,87864.74386380138
1.97112923785684,-50.0,93533.30591366059
1.1534933967347145,-20.0,80929.34708165505
1.2934286206349621,-50.0,94606.29820745208
2.9496161712439637,-40.0,87010.66745217916
2.1768978571023436,-40.0,87992.98193321023
1.8687024362857425,-20.0,76387.2532439692
1.1315073202065804,-20.0,81266.06898562564
4.6088177598000275,-20.0,60817.97516293907
4.824319508335808,-30.0,71345.11496138666
2.4658036773344847,-30.0,82678.79800304717
0.2647012471697029,-10.0,81541.79034744125
4.089902955542945,-20.0,63244.02184478001
4.753126904991387,-30.0,72236.72946518466
0.6068199091243208,-40.0,90069.68359295656
2.508100117323125,-30.0,82150.22835201182
4.82221768709044,-30.0,71361.19203048163
0.8245318603021585,-20.0,83307.65449246377
3.3589004898397627,-30.0,77771.49886468105
3.6289070043429303,-20.0,65640.09306913645
4.572498970004933,-20.0,60955.67164872463
2.089922749530005,-30.0,84566.56692301949
3.7297822781186563,-30.0,77062.5000463063
3.611534644654717,-20.0,65686.9696302261
4.876406080615876,-30.0,71145.43906413217
3.0798851426766634,-20.0,69344.79479514752
2.860697917839068,-30.0,80886.85364923312
0.029551423689275703,-20.0,84900.39007524194
1.326254102877288,-50.0,94568.13199574486
0.1908143327012523,-30.0,88047.25588874798
0.21423400869163917,-30.0,87929.03213801724
0.3196970828973415,-20.0,84794.56162006757
1.60977802109973,-40.0,88347.91853344583
2.6455713538090135,-20.0,72019.6282820658
2.0551773214312385,-50.0,93351.50243723583
0.33146650780690695,-30.0,87282.27513808405
2.106536070010507,-30.0,84405.38935627125
1.817049530596011,-30.0,85122.289686708
1.9623307093549216,-30.0,84768.62408769604
5.362034867994204,-40.0,85550.61124688626
1.8760337412325625,-30.0,85024.71995748708
0.12067859564722953,-40.0,90778.55545164777
2.9619733792286485,-50.0,92119.49594459395
0.6754388784074473,-40.0,89854.9623368527
0.8856355720935619,-30.0,86923.86708414514
2.5096468503005314,-30.0,82138.25475237839
4.317081971107607,-30.0,73377.48005060024
3.086961656647188,-20.0,69175.15008911176
0.8159280983120671,-20.0,83340.52573558441
3.3069760564369988,-30.0,78488.03300188562
2.689134002510749,-20.0,71067.12172490603
4.791656935830424,-30.0,71665.45931131275
2.9112470851753782,-30.0,80068.99432389018
4.576934548990426,-20.0,60925.91728037239
4.013495227804942,-20.0,64121.59379532415
1.171888226710455,-20.0,80769.35552291607
2.2093279222463424,-20.0,75397.00092259844
3.7832972396231304,-30.0,76022.13294663874
2.286688944289641,-20.0,73446.35020376703
4.675127877469536,-50.0,90032.56991630938
3.6006151009436325,-40.0,86260.92944619127
3.815860562535591,-40.0,85948.42447269187
0.272252872107622,-30.0,87537.14410894722
1.2608508738288786,-50.0,94686.02133519265
0.6921627019499267,-20.0,83679.89455075772
2.139267061503346,-30.0,84273.84883705668
0.8869696550118723,-30.0,86817.31311101039
0.963754075084369,-30.0,86500.37583145253
1.1202082349078166,-20.0,81500.77498779757
2.4549033349322285,-30.0,82877.93485268303
2.877082134688916,-50.0,92172.96574429056
2.049012590388238,-30.0,84662.34728714256
3.861267539116654,-30.0,75390.62667195768
4.298937000847118,-30.0,73519.66643809219
1.0910302672883132,-20.0,82300.27163794977
2.7434423070247353,-20.0,70583.15879954345
4.794039988708983,-30.0,71636.99166004111
2.44673468853835,-30.0,83044.05304697159
3.8431533038462353,-30.0,75443.8427155471
3.715800993354109,-30.0,77415.1980294723
4.54622770204695,-20.0,61206.2734695058
4.079722458903635,-20.0,63291.49149838787
3.2965313951867747,-30.0,78693.32245233747
2.21759392600614,-20.0,75107.82846648386
3.5287963285325885,-20.0,66847.29487225265
4.81908026674882,-30.0,71386.35141139315
4.504029496669261,-20.0,61878.25671019092
2.7949235347059074,-50.0,92359.959935182
0.5062193351876697,-40.0,90636.80905838386
2.7411506278521776,-20.0,70587.894827936
0.9745483425629974,-30.0,86477.8930766631
1.337752154987327,-30.0,85852.42931866109
1.4193646133794506,-30.0,85782.65130150542
0.7516823410394519,-20.0,83579.12581022835
4.872479156057665,-40.0,85664.49599430276
1.135878917927149,-40.0,89474.33845149858
3.003761786834187,-40.0,86988.43208727971
1.8271881192421935,-20.0,77537.72899724977
3.7707969113471984,-30.0,76221.03148303897
4.81921576738867,-30.0,71385.23608983366
3.3650664679173348,-30.0,77720.07217054981
4.032436450537016,-20.0,63791.2510784644
4.061142810001231,-20.0,63432.86329558515
2.520157185231577,-30.0,82070.61497518841
4.294730472328551,-30.0,73560.02206302922
3.6006087237931217,-20.0,65751.19739037061
3.7340631535327526,-30.0,76961.1852628613
4.19706319931996,-30.0,75276.88911659067
3.3603697338066043,-30.0,77758.59661937675
4.089445820510548,-20.0,63245.69930065947
3.3824096987166063,-30.0,77613.68389595789
2.5380523660035506,-30.0,82010.39986408725
4.792322185794681,-30.0,71657.43167621117
4.508375789445145,-20.0,61793.528720131144
3.7356143610413843,-30.0,76925.24694302863
2.6405850102226323,-20.0,72160.87717764098
2.6288227764954764,-20.0,72520.34693528924
4.710946829392036,-30.0,73100.2259086813
4.793930592301047,-30.0,71638.28094930996
2.4956323206839146,-30.0,82265.68523567227
2.210656372698039,-20.0,75349.22485064913
0.3732096848176653,-30.0,87197.03771156931
2.8326543394181702,-50.0,92249.37741958172
0.9573390267861107,-30.0,86510.9520792258
0.2710918119033798,-30.0,87549.64661995866
2.0018807953216036,-40.0,88202.00777280674
2.399724365057031,-40.0,87420.51541022297
5.793384933754634,-50.0,89705.1119927153
5.550041784041987,-50.0,89779.98409752347
2.284976805561535,-20.0,73471.23081242731
4.911007529569041,-40.0,85645.39655227479
1.1228801681577578,-30.0,85979.56011312366
1.7818762070102658,-30.0,85232.09829953496
2.262244535973376,-20.0,73879.9309813875
4.216267552428034,-30.0,74821.79027220597
3.5910640462660846,-20.0,65829.33094902546
2.694477701094373,-20.0,70984.97182599091
1.1448364910997144,-20.0,81043.01218347074
3.8429512798192187,-30.0,75444.75430387106
4.704866019892471,-30.0,73245.05831805128
4.044863959949504,-20.0,63615.147769458985
1.0686831166459188,-20.0,83100.5731140376
3.8231196776772736,-30.0,75568.4859182549
3.1069746433857324,-20.0,68762.72614680722
4.594287512302431,-20.0,60844.15370675582
4.331122556559755,-30.0,73302.94370910984
2.746708136519657,-20.0,70578.78955239916
2.682186824234117,-20.0,71185.23354564278
4.811400408096537,-30.0,71453.8054325526
3.358754836846569,-30.0,77772.80002467228
3.989095403021957,-20.0,64658.27557867125
4.865230305491906,-30.0,71156.19840152939
0.5818207188267198,-40.0,90114.03169060819
1.8337799060805984,-30.0,85083.68724514592
3.742760578024588,-50.0,91449.64469310551
1.1873834901598865,-30.0,85959.98625072917
1.1964039809955165,-40.0,89420.36024757476
1.0031992642969523,-30.0,86368.57676090438
1.1496924506855666,-30.0,85965.7042184982
5.693587540026665,-50.0,89712.81499265913
0.22889283511993014,-30.0,87816.29045189818
1.8824487895308208,-30.0,84967.35676069098
1.8440191149866134,-20.0,77009.32260636616
2.45396498141013,-30.0,82896.2820487205
2.671182766256549,-20.0,71398.52185734751
4.025194229152918,-20.0,63908.701315064376
4.852854655518433,-30.0,71188.50822477175
1.835643344836817,-20.0,77261.72106711622
3.366100630978047,-30.0,77712.14609451659
3.721096412200473,-30.0,77277.68968321448
3.5886358678396855,-20.0,65852.49225887231
2.3085688169008387,-20.0,73201.03520921845
2.887173762583843,-30.0,80393.9178510398
2.6354631967434683,-20.0,72312.86871807443
4.862153805277394,-30.0,71162.22501417511
0.6426911495356629,-10.0,78274.51918582569
2.808105429989466,-50.0,92311.54790540933
0.23706629181933575,-30.0,87765.2870122462
1.000252717649094,-30.0,86375.0582437379
5.737500113024628,-40.0,85512.27012171742
0.1340422122609905,-30.0,88337.76206616132
0.04996273628431374,-30.0,88865.72505234336
3.5560678231271816,-40.0,86309.24769304713
2.830116499107674,-50.0,92283.78761270657
0.2606404934912899,-10.0,81630.32494160846
1.4995468426611134,-40.0,88527.05452043092
1.8909680846558992,-20.0,75982.07271978319
2.1123831071784,-30.0,84363.80803512002
4.77373329376451,-30.0,71905.23314551775
3.5326475010903033,-20.0,66758.57723903889
3.5965989244143186,-20.0,65781.51678146089
4.315245934552889,-30.0,73389.51432615885
4.029974532296771,-20.0,63829.94975473017
3.5978849491888143,-20.0,65771.39759032696
2.4511455822627726,-30.0,82952.55678252548
3.7640999603512837,-30.0,76338.6750630838
2.1183280350937865,-30.0,84329.60528255536
2.625035290543874,-20.0,72643.95701784949
3.5992095112402795,-20.0,65761.36529072627
4.6127692376742715,-20.0,60817.50065038566
4.788962583484924,-30.0,71698.61089975444
2.505886852348268,-30.0,82168.26348405186
4.7318116316176475,-30.0,72642.16124388346
1.9155945313836797,-20.0,75705.9709759889
3.3587060700181395,-30.0,77773.2365655405
1.8711307592768227,-20.0,76335.87887923422
2.947078969317525,-30.0,79802.80537006096
4.851050164834087,-30.0,71195.01504779684
3.5825538507998003,-20.0,65916.36274356634
4.014195975970509,-20.0,64108.03407753992
0.046981050809667683,-20.0,84880.0013883539
0.0258616404844622,-30.0,89037.33596193067
4.645462321372347,-50.0,90047.56375909658
2.0510454388008466,-50.0,93358.97601292047
2.249330895409691,-20.0,74177.10177868177
4.569654517299061,-40.0,85719.18653924984
1.2886366528536892,-50.0,94608.58472720273
2.5594009111017466,-40.0,87145.7458214897
3.149644617820857,-20.0,68213.77399422036
0.05655690256702111,-20.0,84878.1168147843
2.0305329658252638,-50.0,93381.97318170874
0.6283929463955615,-10.0,78386.99157725592
3.711327170224302,-40.0,86046.06635842552
3.60559978719965,-40.0,86248.65681992736
1.0688847945681328,-20.0,83092.62435147847
2.089646722255874,-30.0,84569.7828651207
1.1638291141512989,-20.0,80825.808891136
1.0628996842808807,-30.0,86095.03518995624
3.8616131936244735,-50.0,91126.92169839397
4.894445087674521,-40.0,85651.61484578774
2.3225485146899,-20.0,73114.7117051982
3.572151834325255,-20.0,66045.03918111583
3.0641386851322165,-20.0,69767.06679385604
2.229809139364381,-20.0,74715.87234330332
3.1705499137200173,-20.0,68107.89878423492
2.299054328487597,-20.0,73291.16549598136
4.214659297649382,-30.0,74857.70981673773
4.25844892269726,-30.0,74023.5802906981
1.125584646367627,-20.0,81383.87597513257
4.839617977023439,-30.0,71246.88332275815
2.955346873765012,-30.0,79778.22458615746
3.3956827687924056,-30.0,77570.31475805613
2.875699615951885,-30.0,80590.12351145006
0.6303507697127555,-10.0,78366.28311738661
4.24230814599286,-30.0,74296.19869800533
1.813520173093436,-20.0,78028.92000792436
4.2082157940371925,-30.0,75005.64585220056
4.55560959236432,-20.0,61102.127025873604
3.1715714334138108,-20.0,68105.46043916298
2.8814413849836367,-30.0,80488.6064471627
3.780462917130799,-30.0,76064.86712992117
4.571116187131073,-20.0,60965.686707931236
3.4959899691084417,-40.0,86364.21763193283
1.9233802471683776,-30.0,84867.24798141528
5.651156675320133,-50.0,89725.2049567409
1.1579430564600495,-20.0,80880.48153725377
0.11341522535061836,-40.0,90825.04713087554
3.932591998682306,-50.0,90975.63295891084
3.2755500867761085,-40.0,86933.91718778807
5.552078111722067,-50.0,89778.50209184608
3.9930258735337243,-50.0,90920.84379403386
2.543908074944077,-30.0,82005.69297265749
2.910467419601705,-50.0,92140.52461807175
4.223502393045553,-40.0,85808.76460558423
2.7995188300544833,-50.0,92345.39044481271
0.7499830972400282,-40.0,89640.33033071153
3.8946677667600764,-50.0,91027.97651924481
0.5834493693666992,-30.0,87118.54462945394
3.832554492850327,-30.0,75501.16041225372
3.728998699056244,-30.0,77081.38415231051
1.8189582095425454,-20.0,77826.83304362049
2.669467194048491,-20.0,71434.67219411893
3.132007862868103,-20.0,68386.33768933274
4.530954576251636,-20.0,61410.86655543592
1.5025131476857405,-20.0,78650.25864703054
1.8340574242340208,-20.0,77311.86745452535
2.336415507670427,-20.0,73083.18315134777
3.288222956647325,-30.0,78871.21142103606
2.3064400386393364,-20.0,73218.99211290794
2.085221856110823,-30.0,84623.73784496212
5.4202131488745025,-50.0,89910.59654906021
4.69864649316442,-50.0,90010.55970390743
0.7095468604866862,-40.0,89727.90037270043
5.2621240911261555,-40.0,85616.43298908763
0.7482434538459802,-40.0,89646.58099431451
3.425199179613871,-40.0,86648.6983328027
0.2768621601651095,-30.0,87512.22004410392
1.1776848422031714,-30.0,85960.48581381913
0.9086973216254982,-30.0,86759.7427936319
1.5440255804228524,-20.0,78190.01745471772
3.7443256098694127,-30.0,76731.08097203396
3.4002382501545805,-30.0,77563.01392548885
2.29645231420273,-20.0,73320.24585360085
3.330308830060015,-30.0,78103.36215917884
3.5915724509952804,-20.0,65824.650295194
4.057440716197139,-20.0,63469.51186066534
1.462401285539026,-20.0,79607.91580365735
4.0345595735857245,-20.0,63758.89176586033
2.9026288873269586,-30.0,80171.81377394496
3.5521479181343674,-20.0,66361.71643783248
2.666004865308257,-20.0,71510.01287270953
2.709601756060418,-20.0,70793.40434872021
2.1228125297788196,-30.0,84309.1872833422
4.271700049014392,-30.0,73830.2968043157
3.5291809297946495,-20.0,66838.281298452
4.8604956916287225,-30.0,71166.02294830386
2.5027718792693667,-30.0,82195.44531619998
4.296777108944088,-30.0,73540.03982577698
3.3823930705836274,-30.0,77613.75889155193
3.107304650973984,-20.0,68756.75754609001
3.355724128406556,-30.0,77800.77866219041
